Sampling Date,Site ID,Park ID,Project ID,Lat (°N),Long (°W),Water Temp (°C),COND,PH,DO (mg/L),"UV Absorbance, 254nm",DOC,"SUVA, 254nm",Total Iron [mg/L],"Fe Corr'd SUVA, 254nm",HPOA SUVA (254nm),HPOA %,HPON %,HPI SUVA (254nm),HPI %,TPIA SUVA (254nm),TPIA %,AMMONIA_N,NITRATE_NITRITE_N,"NO2-N 
(mg N/L)",PTL,"TDN 
(mg N/L)",UTN (mgN/L),"TDP 
(mg P/L)",UTP (mgP/L),CHLORIDE,SULFATE,"F 
(mg/L)","Br 
(mg/L)",SODIUM,POTASSIUM,CALCIUM,MAGNESIUM,TOC (mgC/L),ANC,DIC (mg/L),d18O,dD,Al (µg/L),P (µg/L),Ti (µg/L),Cr (µg/L),Mn (µg/L),Fe* (µg/L),Co (µg/L),Ni (µg/L),Cu (µg/L),Zn (µg/L),As (µg/L),Sr (µg/L),Cd (µg/L),Sn (µg/L),Sb (µg/L),Te (µg/L),Ba (µg/L),Pb (µg/L),FeTot?,Fe(II)/FeTot,Fe(II) (µg/L),Fe(III) (µg/L),
6/21/2013,Kugruk River,BELA,BITE,65.567034,-162.927644,12.3,45,6.45,10.5,0.108,4.2,2.5,-,-,-,-,-,-,-,-,-,*0.002,0.023,-,0.019,0.2,-,0.025,-,1.57,0.39,0.04,*0.00,2.46,0.65,2.15,2.11,-,-,-,-15.6,-121.7,-,-,-,-,-,-,-,-,-,-,-,-,-,-,-,-,-,-,-,-,-,-,
6/21/2013,Kuzitrin River,BELA,BITE,65.42459,-164.135333,16.2,93,7.26,9.8,0.081,2.3,3.5,0.06,3.3,4.2,51%,-,-,-,2.3,20%,*0.002,0.002,-,0.014,0.08,-,0.018,-,1.04,6.52,0.05,*0.00,2.29,0.76,10.11,3.21,-,-,-,-16.1,-120.9,-,-,-,-,-,-,-,-,-,-,-,-,-,-,-,-,-,-,-,-,-,-,
7/15/2014,Agagrak Creek,CAKR,ARCN,67.52573,-163.97139,8.7,123.4,7.43,10.3,0.078,3,2.6,< 0.02,-,-,-,-,-,-,-,-,*0.004,0.031,-,*0.001,0.12,0.1,*0.001,*0.001,1.32,2,-,-,1.45,0.3,14.07,4.67,-,-,-,-,-,-,-,-,-,-,-,-,-,-,-,-,-,-,-,-,-,-,-,-,-,-,-,-
 7/25/2019,Agagrak Creek,CAKR,ARCN,65.525467,-163.973571,11.6,124.1,7.54,10.2,0.04,2.2,1.8,*0.03,,,,,,,,,0.014,0.02,-,0.002,0.12,0.11,*0.002,0.003,2.45,4.14,-,-,1.98,0.37,19.57,6.69,1.62,53.87,15.96,-,-,-,-,-,-,-,-,-,-,-,-,-,-,-,-,-,-,-,-,-,-,-,-,-
8/20/2013,Ahnewetut Creek,KOVA,ARCN,67.167143,-158.783342,9.7,216,8.87,10,0.098,4,2.5,-,-,-,-,-,-,-,-,-,0.025,0.008,-,*0.000,0.21,-,*0.001,-,0.26,0.03,*0.01,*0.00,0.83,0.14,40.62,3.51,-,-,-,-16.7,-133.8,3.9,13.1,0.5,-,109.3,587,0.3,0.3,-,0.4,1,80.7,0.1,-,-,-,14.9,-,587,0.28,167,420,
7/22/2017,Ahnewetut Creek,KOVA,ARCN,67.167143,-158.783342,17,244.2,7.8,9.2,0.09,3.8,2.3,*0.04,-,-,-,-,-,-,-,-,0.052,0.014,-,*0.001,0.22,0.19,*0.000,0.009,0.35,0.04,-,-,1.05,0.19,24.8,3.87,3.02,100.39,31.06,-,-,-,-,-,-,-,-,-,-,-,-,-,-,-,-,-,-,-,-,-,-,-,-,-
8/20/2013,Akillik River,KOVA,ARCN,67.200693,-158.571922,8.3,196,7.52,-,0.057,1.8,3.2,-,-,-,-,-,-,-,-,-,*0.000,0.071,-,*0.000,0.14,-,*0.001,-,0.21,6.96,0.04,*0.00,0.88,0.51,27.84,5.1,-,-,-,-18.6,-144.6,7.6,4,0.1,-,11.3,305.1,0.2,0.4,0.3,-,0.3,99.6,-,-,-,-,17.7,-,305.1,0.14,42,263.3,
6/11/2017,Akillik River,KOVA,HEAT,67.200693,-158.571922,5.2,164.1,7.31,12.8,0.064,2.2,2.9,0.08,-,-,-,-,-,-,-,-,*0.002,0.335,-,0.002,0.43,0.41,*0.001,*0.000,0.37,6.44,-,-,0.43,0.14,13.67,2.88,1.67,24.41,5.34,-18.4,-132,-,-,-,-,-,-,-,-,-,-,-,-,-,-,-,-,-,-,-,-,-,-,-
8/22/2017,Akillik River,KOVA,HEAT,67.200693,-158.571922,4.5,161.3,8,13,0.028,1.1,2.5,*0.02,-,-,-,-,-,-,-,-,*0.006,0.405,-,*0.001,0.46,0.51,*0.000,0.008,0.3,10.06,-,-,0.84,0.08,19.7,4.15,0.91,40.35,10.83,-18.1,-131,-,-,-,-,-,-,-,-,-,-,-,-,-,-,-,-,-,-,-,-,-,-,-
6/13/2018,Akillik River,KOVA,HEAT,67.200693,-158.571922,3.8,-,-,12.6,-,-,-,*0.06,-,-,-,-,-,-,-,-,*0.007,0.441,-,*0.001,0.46,-,*0.001,-,0.5,10.48,-,-,0.55,0.14,17.88,4.6,-,-,7.26,-,-,-,-,-,-,-,-,-,-,-,-,-,-,-,-,-,-,-,-,-,-,-,-,-
8/30/2018,Akillik River,KOVA,HEAT,67.200693,-158.571922,5.9,334.8,7.9,12.1,0.019,1.1,1.7,*0.02,-,-,-,-,-,-,-,-,*0.010,0.447,-,0.002,0.54,-,*0.000,*0.000,0.37,20.65,-,-,0.63,0.14,26.31,7.25,0.85,31.16,9.41,-18.1,-132,-,-,-,-,-,-,-,-,-,-,-,-,-,-,-,-,-,-,-,-,-,-,-
6/4/2019,Akillik River,KOVA,HEAT,67.200693,-158.571922,-,-,-,-,0.044,2.6,1.7,*0.03,,,,,,,,,*0.007,0.493,-,*0.001,0.57,0.65,*0.001,0.003,0.49,7.12,-,-,0.47,0.22,24.03,5.01,0.95,48.03,-,-18.5,-139,-,-,-,-,-,-,-,-,-,-,-,-,-,-,-,-,-,-,-,-,-,-,-
6/27/2013,Kugururok River,NOAT,BITE,67.995656,-161.866934,11,303,8.03,10.5,0.022,1,2.3,-,-,-,-,-,-,-,-,-,*0.000,0.041,-,*0.000,0.08,-,*0.001,-,0.32,22.62,0.02,*0.00,2.75,0.35,42.2,8.61,-,-,-,-18.5,-141.5,-,-,-,-,-,-,-,-,-,-,-,-,-,-,-,-,-,-,-,-,-,-,
 8/22/2019,Akillik River,KOVA,HEAT,67.200693,-158.571922,8,200.9,7.95,11.6,0.034,1.7,2,-,,,,,,,,,*0.010,0.566,-,*0.000,0.62,0.63,*0.000,*0.002,0.33,22.01,-,-,0.71,0.13,26.29,7.7,0.79,29.63,7.49,-,-,-,-,-,-,-,-,-,-,-,-,-,-,-,-,-,-,-,-,-,-,-,-,-
6/28/2013,Aklumayuak River,NOAT,ARCN,67.904779,-160.26924,11.4,235,7.91,6.6,0.109,4.3,2.6,-,-,-,-,-,-,-,-,-,*0.003,0.077,-,*0.000,0.22,-,*0.001,-,0.35,11.97,0.02,*0.00,0.88,0.26,31.01,10.31,-,-,-,-19.7,-150.4,-,-,-,-,-,-,-,-,-,-,-,-,-,-,-,-,-,-,-,-,-,-,
8/6/2014,Alatna River,GAAR,ARCN,66.61375,-152.62088,19,229.6,-,6.7,0.097,3.3,3,-,-,3.6,44%,3%,0.7,25%,2.3,21%,*0.002,0.11,-,*0.000,0.27,0.23,*0.001,0.004,0.27,28.82,-,-,1.58,0.7,48.54,17.36,-,-,-,-,-,-,-,-,-,-,-,-,-,-,-,-,-,-,-,-,-,-,-,-,-,-,-,-
7/23/2017,Alatna River,GAAR,ARCN,66.70477,-153.38693,16.3,630.4,8.2,9.8,0.034,1.8,1.9,*0.05,-,-,-,-,-,-,-,-,0.024,0.127,-,0.005,0.21,0.21,*0.000,0.012,0.3,55.9,-,-,2.39,0.9,64.87,28.61,1.29,106.88,26.28,-,-,-,-,-,-,-,-,-,-,-,-,-,-,-,-,-,-,-,-,-,-,-,-,-
 7/24/2019,Alatna River,GAAR,ARCN,66.921895,-153.495438,16.3,393.8,8.15,9.5,0.024,1.3,1.9,*0.04,,,,,,,,,*0.007,0.181,-,*0.000,0.25,0.23,*0.000,0.008,0.36,44.79,-,-,1.99,1.01,62.99,24.89,0.83,106.93,29.7,-,-,-,-,-,-,-,-,-,-,-,-,-,-,-,-,-,-,-,-,-,-,-,-,-
6/11/2015,AMS 1,NOAT,HEAT,67.474,-162.225,8.9,285.9,8.34,-,0.079,2.8,2.9,-,-,-,-,-,-,-,-,-,-,0.065,-,<0.004,0.13,0.14,<0.003,*0.000,1.37,15.19,-,-,2.72,0.3,40.89,14.65,-,-,-,-16.4,-121,-,-,-,-,-,-,-,-,-,-,-,-,-,-,-,-,-,-,-,-,-,-,-
8/8/2015,AMS 1,NOAT,HEAT,67.474,-162.225,11.7,420.5,8.24,9.7,0.016,1.4,1.2,-,-,-,-,-,-,-,-,-,*0.001,0.095,-,*0.001,0.17,0.15,*0.000,*0.002,2.72,25.66,-,-,5.56,0.49,51.28,21.55,-,-,-,-16.5,-123,-,-,-,-,-,-,-,-,-,-,-,-,-,-,-,-,-,-,-,-,-,-,-
9/17/2015,AMS 1,NOAT,HEAT,67.474,-162.225,3.8,455.4,8.2,13.1,0.028,1.7,1.7,-,-,-,-,-,-,-,-,-,*0.002,0.088,-,<0.004,0.15,0.14,<0.003,*0.000,2.24,27.27,-,-,4.2,0.41,37.71,22.85,-,-,-,-,-,-,-,-,-,-,-,-,-,-,-,-,-,-,-,-,-,-,-,-,-,-,-,-
6/8/2016,AMS 1,NOAT,HEAT,67.474,-162.225,9,376.5,7.57,11.6,0.023,1.2,2,*0.00,-,-,-,-,-,-,-,-,*0.001,0.067,-,0.003,0.13,0.12,*0.001,0.003,1.7,18,-,-,3.13,0.38,49.21,16.61,0.72,,33.94,-,-,-,-,-,-,-,-,-,-,-,-,-,-,-,-,-,-,-,-,-,-,-,-,-
8/9/2016,AMS 1,NOAT,HEAT,67.474,-162.225,14.3,449.6,7.91,11.7,0.016,1,1.5,0.07,-,-,-,-,-,-,-,-,*0.002,0.079,-,0.002,0.12,0.12,*0.001,*0.000,2.57,27.36,-,-,5.11,0.49,67.33,22.52,0.59,98.51,42.39,-17.5,-128,-,-,-,-,-,-,-,-,-,-,-,-,-,-,-,-,-,-,-,-,-,-,-
6/8/2017,AMS 1,NOAT,HEAT,67.474,-162.225,9.6,320.1,8.08,11.6,0.051,1.8,2.8,*0.01,-,-,-,-,-,-,-,-,*0.010,0.037,-,*0.001,0.1,0.13,*0.002,0.01,1.18,11.39,-,-,1.76,0.27,35.39,10.71,1.38,84.38,23.07,-17.1,-125,-,-,-,-,-,-,-,-,-,-,-,-,-,-,-,-,-,-,-,-,-,-,-
8/18/2017,AMS 1,NOAT,HEAT,67.474,-162.225,7.7,496.8,8.1,11.6,0.036,1.8,2,*0.02,-,-,-,-,-,-,-,-,*0.008,0.073,-,*0.001,0.16,0.13,*0.000,*0.001,1.57,30.7,-,-,3.47,0.4,64.61,23.46,1.26,145.41,41.24,-17.4,-124,-,-,-,-,-,-,-,-,-,-,-,-,-,-,-,-,-,-,-,-,-,-,-
6/12/2018,AMS 1,NOAT,HEAT,67.474,-162.225,7,430.5,8.4,11.7,0.035,1.5,2.4,*0.04,-,-,-,-,-,-,-,-,*0.009,0.064,-,*0.001,0.12,0.1,*0.001,*0.002,1.81,18.95,-,-,2.48,0.36,48.77,16.74,0.8,96.12,33.28,-,-,-,-,-,-,-,-,-,-,-,-,-,-,-,-,-,-,-,-,-,-,-,-,-
9/4/2018,AMS 1,NOAT,HEAT,67.474,-162.225,10.9,579.7,8.3,10.9,0.023,1.6,1.4,*0.03,-,-,-,-,-,-,-,-,*0.005,0.078,-,0.003,0.18,0.12,*0.001,*0.001,2.24,34.13,-,-,4.62,0.5,68.16,25.5,0.9,121.07,43.42,-17,-123,-,-,-,-,-,-,-,-,-,-,-,-,-,-,-,-,-,-,-,-,-,-,-
6/8/2019,AMS 1,NOAT,HEAT,67.474,-162.225,9.3,337,8.3,11.3,0.044,1.9,2.3,*0.04,,,,,,,,,*0.008,0.058,-,0.002,0.17,0.13,0.004,0.01,1.27,18.08,-,-,2.21,0.36,45.36,15.27,1.05,96.46,-,-16.8,-125,-,-,-,-,-,-,-,-,-,-,-,-,-,-,-,-,-,-,-,-,-,-,-
7/13/2015,AMS 2,NOAT,HEAT,67.268,-162.636,12.3,362.1,8.32,10.4,0.021,1,2.1,-,-,-,-,-,-,-,-,-,*0.001,-,-,*0.000,0.13,0.17,*0.002,*0.001,2.36,17.72,-,-,3.48,0.38,53.9,17.25,-,-,-,-,-,-,-,-,-,-,-,-,-,-,-,-,-,-,-,-,-,-,-,-,-,-,-,-
7/13/2015,AMS 2,NOAT,HEAT,67.268,-162.636,12.3,362.1,8.32,10.4,0.022,1.1,1.9,-,-,-,-,-,-,-,-,-,*0.001,-,-,*0.000,0.13,0.17,*0.002,*0.001,2.36,17.72,-,-,3.48,0.38,53.9,17.25,-,-,-,-,-,-,-,-,-,-,-,-,-,-,-,-,-,-,-,-,-,-,-,-,-,-,-,-
9/19/2015,AMS 2,NOAT,HEAT,67.268,-162.636,-,350.3,8.1,-,-,-,-,*0.04,-,-,-,-,-,-,-,-,*0.004,0.106,-,*0.000,0.15,0.16,*0.000,*0.000,2.4,20.31,-,-,3.38,0.33,28.11,19.09,0.95,114.98,,-,-,-,-,-,-,-,-,-,-,-,-,-,-,-,-,-,-,-,-,-,-,-,-,-
8/18/2017,AMS 2,NOAT,HEAT,67.268,-162.636,-,-,-,-,-,-,-,*0.01,-,-,-,-,-,-,-,-,0.014,0.065,-,0.004,0.18,0.21,0.009,0.01,1.8,23.07,-,-,2.85,0.35,59.18,19.23,1.35,137.01,39.15,-,-,-,-,-,-,-,-,-,-,-,-,-,-,-,-,-,-,-,-,-,-,-,-,-
6/11/2015,AMST 1,NOAT,HEAT,67.49,-162.177,10.2,380.1,8.47,-,0.054,1.8,3,-,-,-,-,-,-,-,-,-,-,0.092,-,<0.004,0.13,0.17,<0.003,0.008,1.51,9.2,-,-,1.64,0.28,52.97,24.31,-,-,-,-16.1,-121,-,-,-,-,-,-,-,-,-,-,-,-,-,-,-,-,-,-,-,-,-,-,-
8/11/2015,AMST 1,NOAT,HEAT,67.49,-162.177,-,-,8.9,-,-,-,-,-,-,-,-,-,-,-,-,-,0.045,0.069,-,0.019,0.09,0.09,0.027,*0.000,1.31,1.04,-,-,0.87,0.4,2.49,0.73,0.36,95.55,-,-,-,-,-,-,-,-,-,-,-,-,-,-,-,-,-,-,-,-,-,-,-,-,-,-
9/18/2015,AMST 1,NOAT,HEAT,67.49,-162.177,4.1,600.8,8.35,12.9,0.01,0.8,1.2,-,-,-,-,-,-,-,-,-,*0.002,0.116,-,<0.004,0.14,0.15,<0.003,*0.000,1.69,10.74,-,-,1.48,0.27,24.44,26.16,-,-,-,-16.2,-122,-,-,-,-,-,-,-,-,-,-,-,-,-,-,-,-,-,-,-,-,-,-,-
8/8/2015,AMST 3,NOAT,HEAT,67.483,-162.215,12.3,339.2,8.33,9.5,0.046,2.5,1.8,-,-,-,-,-,-,-,-,-,*0.001,0.04,-,*0.000,0.27,0.12,*0.000,*0.001,0.88,13.06,-,-,2.28,0.32,52,14.62,-,-,-,-16.2,-121,-,-,-,-,-,-,-,-,-,-,-,-,-,-,-,-,-,-,-,-,-,-,-
9/18/2015,AMST 3,NOAT,HEAT,67.483,-162.215,2.6,431.4,8.22,13.8,0.051,2.1,2.4,-,-,-,-,-,-,-,-,-,*0.001,0.092,-,<0.004,0.18,0.16,<0.003,*0.000,0.99,13.25,-,-,1.91,0.24,30.24,15.12,-,-,-,-16.4,-122,-,-,-,-,-,-,-,-,-,-,-,-,-,-,-,-,-,-,-,-,-,-,-
6/9/2015,AMST 4 (Asik Creek),NOAT,HEAT,67.47379,-162.23207,4,243.7,8.18,-,0.034,1.2,2.8,-,-,-,-,-,-,-,-,-,-,0.106,-,<0.004,0.12,-,<0.003,0.006,0.81,7.42,-,-,1.15,0.2,40.29,8.76,-,-,-,-15.9,-119,-,-,-,-,-,-,-,-,-,-,-,-,-,-,-,-,-,-,-,-,-,-,-
8/7/2015,AMST 4 (Asik Creek),NOAT,HEAT,67.47379,-162.23207,8.8,270.2,8,10.6,0.021,1.2,1.7,-,-,-,-,-,-,-,-,-,*0.001,0.087,-,*0.001,0.17,0.12,*0.000,*0.002,0.99,9.44,-,-,1.35,0.21,50.45,11.33,-,-,-,-16.6,-123,-,-,-,-,-,-,-,-,-,-,-,-,-,-,-,-,-,-,-,-,-,-,-
9/19/2015,AMST 4 (Asik Creek),NOAT,HEAT,67.47379,-162.23207,-,-,-,-,0.018,1,1.7,*0.00,-,-,-,-,-,-,-,-,*0.004,0.122,-,*0.001,0.19,0.14,0.003,*0.000,0.92,9.19,-,-,1.3,0.2,45.53,11.05,-,-,-,-,-,-,-,-,-,-,-,-,-,-,-,-,-,-,-,-,-,-,-,-,-,-,-,-
6/7/2016,AMST 4 (Asik Creek),NOAT,HEAT,67.47379,-162.23207,7.5,265.7,7.21,12,0.037,1.4,2.7,*0.00,-,-,-,-,-,-,-,-,*0.000,0.089,-,0.003,0.15,0.16,*0.001,0.003,0.88,7.61,-,-,1.25,0.22,43.53,9.64,0.76,,31.59,-17.1,-127,-,-,-,-,-,-,-,-,-,-,-,-,-,-,-,-,-,-,-,-,-,-,-
8/12/2016,AMST 4 (Asik Creek),NOAT,HEAT,67.47379,-162.23207,12.8,389.6,7.65,10.6,0.018,1.1,1.7,*0.01,-,-,-,-,-,-,-,-,*0.001,0.077,-,*0.001,0.14,0.12,*0.001,*0.001,0.93,9.77,-,-,1.36,0.22,54.26,11.81,-,106.7,37.37,-17,-126,-,-,-,-,-,-,-,-,-,-,-,-,-,-,-,-,-,-,-,-,-,-,-
9/8/2016,AMST 4 (Asik Creek),NOAT,HEAT,67.47379,-162.23207,3.1,337.6,7.75,13.8,0.019,0.9,2.1,*0.00,-,-,-,-,-,-,-,-,*0.007,0.135,-,*0.000,0.18,0.16,*0.000,*0.000,1,8.69,-,-,1.25,0.19,51.82,11.21,0.61,95.45,34.98,-16.7,-122,-,-,-,-,-,-,-,-,-,-,-,-,-,-,-,-,-,-,-,-,-,-,-
6/8/2017,AMST 4 (Asik Creek),NOAT,HEAT,67.47379,-162.23207,6.7,268.6,8,12.2,0.048,1.7,2.8,*0.01,-,-,-,-,-,-,-,-,*0.005,0.071,-,*0.001,0.13,0.13,*0.001,*0.002,1.04,5.04,-,-,1.08,0.17,31.25,6.02,1.19,74.32,20.46,-17.2,-125,-,-,-,-,-,-,-,-,-,-,-,-,-,-,-,-,-,-,-,-,-,-,-
8/17/2017,AMST 4 (Asik Creek),NOAT,HEAT,67.47379,-162.23207,5.9,321.6,8,12.7,0.025,1.3,1.9,*0.00,-,-,-,-,-,-,-,-,*0.005,0.094,-,*0.001,0.15,0.11,*0.002,*0.001,0.95,7.68,-,-,1.28,0.16,45.16,9.74,0.79,103.63,29.73,-16.7,-123,-,-,-,-,-,-,-,-,-,-,-,-,-,-,-,-,-,-,-,-,-,-,-
6/12/2018,AMST 4 (Asik Creek),NOAT,HEAT,67.47379,-162.23207,5.5,309.8,8.2,12.4,0.035,1.6,2.3,*0.06,-,-,-,-,-,-,-,-,0.011,0.114,-,*.0.001,0.17,0.14,*0.002,*0.000,1.14,6.65,-,-,1.32,0.18,36.26,7.96,0.8,77.97,-,-,-,-,-,-,-,-,-,-,-,-,-,-,-,-,-,-,-,-,-,-,-,-,-,-
9/6/2018,AMST 4 (Asik Creek),NOAT,HEAT,67.47379,-162.23207,5.9,175.8,8.2,12.2,0.022,1.5,1.5,0.08,-,-,-,-,-,-,-,-,*0.003,0.13,-,0.003,0.2,0.16,*0.001,*0.001,1.13,9.72,-,-,1.32,0.21,41.43,11.7,0.61,108.67,37.49,-17.2,-125,-,-,-,-,-,-,-,-,-,-,-,-,-,-,-,-,-,-,-,-,-,-,-
6/8/2019,AMST 4 (Asik Creek),NOAT,HEAT,67.47379,-162.23207,8.6,337,8.3,11.4,0.036,1.7,2.1,*0.01,,,,,,,,,*0.006,0.123,-,0.002,0.24,0.29,*0.002,0.005,1.01,6.65,-,-,1.29,0.2,36.86,8.24,0.92,85.36,-,-16.8,-125,-,-,-,-,-,-,-,-,-,-,-,-,-,-,-,-,-,-,-,-,-,-,-
 8/19/2019,AMST 4 (Asik Creek),NOAT,HEAT,67.47379,-162.23207,7.8,219,7.96,11.7,0.046,2.1,2.2,-,,,,,,,,,*0.004,0.113,-,0.002,0.17,0.21,*0.001,*0.001,0.83,6.1,0.069,-,1.09,0.13,32.01,6.87,1.22,69.07,25.7,-,-,-,-,-,-,-,-,-,-,-,-,-,-,-,-,-,-,-,-,-,-,-,-,-
8/10/2015,ANFM 1,NOAT,HEAT,67.60809,-161.74701,12,381.3,8.31,9.9,0.009,0.8,1.2,-,-,-,-,-,-,-,-,-,*0.001,0.079,-,*0.000,0.14,0.1,*0.000,*0.000,1.43,24.41,-,-,4.03,0.31,44.57,19.46,-,-,-,-17,-126,-,-,-,-,-,-,-,-,-,-,-,-,-,-,-,-,-,-,-,-,-,-,-
9/16/2015,ANFM 1,NOAT,HEAT,67.60809,-161.74701,3.4,468.7,8.14,11.7,0.026,1.2,2.1,-,-,-,-,-,-,-,-,-,*0.003,0.095,-,<0.004,0.16,0.12,<0.003,*0.000,2.2,34.7,-,-,4.81,0.36,60.68,26.38,-,-,-,-16.8,-126,-,-,-,-,-,-,-,-,-,-,-,-,-,-,-,-,-,-,-,-,-,-,-
6/12/2015,ANFM 2,NOAT,HEAT,67.49029,-162.10912,7.2,308.7,8.35,-,0.081,2.9,2.8,-,-,-,-,-,-,-,-,-,-,0.064,-,<0.004,0.13,0.17,<0.003,*0.000,1.65,16.87,-,-,3.57,0.37,39.19,15.73,-,-,-,-16.4,-122,-,-,-,-,-,-,-,-,-,-,-,-,-,-,-,-,-,-,-,-,-,-,-
8/10/2015,ANFM 2,NOAT,HEAT,67.49029,-162.10912,12.2,453.1,8.41,9.8,0.018,1.3,1.3,-,-,-,-,-,-,-,-,-,*0.000,0.076,-,*0.000,0.16,0.11,*0.000,*0.000,3.18,30.58,-,-,7.29,0.6,63.39,23.87,-,-,-,-16.6,-123,-,-,-,-,-,-,-,-,-,-,-,-,-,-,-,-,-,-,-,-,-,-,-
9/18/2015,ANFM 2,NOAT,HEAT,67.49029,-162.10912,0.1,438.1,8.17,10.5,0.031,1.6,2,-,-,-,-,-,-,-,-,-,*0.003,0.099,-,<0.004,0.19,0.14,<0.003,*0.000,2.61,32.91,-,-,5.35,0.52,66.35,26.41,-,-,-,-16.4,-123,-,-,-,-,-,-,-,-,-,-,-,-,-,-,-,-,-,-,-,-,-,-,-
8/10/2016,ANFM 2,NOAT,HEAT,67.49029,-162.10912,13.1,529.2,7.73,10.5,0.018,1.2,1.5,*0.01,-,-,-,-,-,-,-,-,*0.007,0.07,-,0.002,0.14,0.12,*0.001,*0.001,3.19,33.79,-,-,7.16,0.62,67.49,25.3,-,103.02,-,-17.2,-128,-,-,-,-,-,-,-,-,-,-,-,-,-,-,-,-,-,-,-,-,-,-,-
6/11/2015,ANFT 1,NOAT,HEAT,67.60605,-161.7494,2.8,250.7,8.28,-,0.157,4.5,3.5,-,-,-,-,-,-,-,-,-,-,0.033,-,<0.004,0.14,0.2,<0.003,0.003,1.02,12.62,-,-,2.69,0.26,29.29,15.47,-,-,-,-16.3,-121,-,-,-,-,-,-,-,-,-,-,-,-,-,-,-,-,-,-,-,-,-,-,-
8/9/2015,ANFT 1,NOAT,HEAT,67.60605,-161.7494,8.7,392,8.3,8.7,0.036,1.9,1.9,-,-,-,-,-,-,-,-,-,*0.000,0.054,-,*0.000,0.18,0.15,*0.001,*0.001,3.66,31.38,-,-,10.38,0.53,56.22,33.13,-,-,-,-16.1,-121,-,-,-,-,-,-,-,-,-,-,-,-,-,-,-,-,-,-,-,-,-,-,-
9/16/2015,ANFT 1,NOAT,HEAT,67.60605,-161.7494,3.2,528.6,7.76,13.2,0.07,3,2.3,-,-,-,-,-,-,-,-,-,*0.002,0.053,-,<0.004,0.17,0.12,<0.003,*0.000,3.04,35.01,-,-,6.97,0.52,52.3,38.88,-,-,-,-16.2,-122,-,-,-,-,-,-,-,-,-,-,-,-,-,-,-,-,-,-,-,-,-,-,-
6/11/2015,ANFT 2,NOAT,HEAT,67.56898,-161.88634,4.1,274.9,8.31,-,0.185,5.4,3.4,-,-,-,-,-,-,-,-,-,-,0.037,-,<0.004,0.18,0.24,<0.003,0.004,0.66,13.48,-,-,5.14,0.42,32.6,16.41,-,-,-,-15.9,-117,-,-,-,-,-,-,-,-,-,-,-,-,-,-,-,-,-,-,-,-,-,-,-
8/11/2015,ANFT 2,NOAT,HEAT,67.56898,-161.88634,8.5,511.7,8.47,10.6,0.046,2.2,2.1,-,-,-,-,-,-,-,-,-,*0.000,<0.01,-,*0.000,0.13,0.1,*0.002,*0.001,1.12,26.08,-,-,10.9,0.67,59.54,30.91,-,-,-,-16,-119,-,-,-,-,-,-,-,-,-,-,-,-,-,-,-,-,-,-,-,-,-,-,-
9/16/2015,ANFT 2,NOAT,HEAT,67.56898,-161.88634,3.1,458,8.23,13.2,0.068,2.8,2.5,-,-,-,-,-,-,-,-,-,*0.002,0.07,-,<0.004,0.19,0.15,<0.003,*0.000,1.18,22.43,-,-,6.98,0.61,45.44,28.77,-,-,-,-16.1,-120,-,-,-,-,-,-,-,-,-,-,-,-,-,-,-,-,-,-,-,-,-,-,-
6/9/2016,ANFT 2,NOAT,HEAT,67.56898,-161.88634,5.3,437.2,7.72,12.6,0.064,2.3,2.7,*0.00,-,-,-,-,-,-,-,-,*0.001,0.054,-,0.004,0.19,0.15,*0.001,0.003,0.81,19.77,-,-,6.71,0.64,45.53,25.29,1.71,,43.92,-17,-126,-,-,-,-,-,-,-,-,-,-,-,-,-,-,-,-,-,-,-,-,-,-,-
8/11/2016,ANFT 2,NOAT,HEAT,67.56898,-161.88634,13.3,658,7.76,10.3,0.041,1.9,2.2,*0.00,-,-,-,-,-,-,-,-,*0.005,0.003,-,0.002,0.08,0.13,*0.001,0.011,1.12,27.88,-,-,10.79,0.79,72.87,34.14,-,163.84,58.42,-16.8,-124,-,-,-,-,-,-,-,-,-,-,-,-,-,-,-,-,-,-,-,-,-,-,-
9/8/2016,ANFT 2,NOAT,HEAT,67.56898,-161.88634,6.7,575.7,8.05,12.6,0.054,2.3,2.4,*0.05,-,-,-,-,-,-,-,-,*0.002,0.079,-,*0.000,0.19,0.19,*0.000,*0.001,1,26.37,-,-,7.92,0.67,68.43,33.38,1.7,160.09,56.9,-17.2,-122,-,-,-,-,-,-,-,-,-,-,-,-,-,-,-,-,-,-,-,-,-,-,-
6/7/2017,ANFT 2,NOAT,HEAT,67.56898,-161.88634,5.8,431,8.07,12.2,0.115,3.6,3.2,0.08,-,-,-,-,-,-,-,-,*0.009,0.053,-,0.002,0.21,0.21,0.007,0.006,0.91,12.63,-,-,4.41,0.52,31.69,16.33,2.87,108.64,29.05,-16.8,-122,-,-,-,-,-,-,-,-,-,-,-,-,-,-,-,-,-,-,-,-,-,-,-
8/17/2017,ANFT 2,NOAT,HEAT,67.56898,-161.88634,6,508,8,12.4,0.077,2.9,2.6,*0.01,-,-,-,-,-,-,-,-,*0.008,0.068,-,*0.001,0.19,0.14,0.003,*0.002,0.79,22.64,-,-,5.51,0.47,61.01,28.62,2.12,166.71,48.52,-16.3,-118,-,-,-,-,-,-,-,-,-,-,-,-,-,-,-,-,-,-,-,-,-,-,-
6/11/2015,ANFT 3,NOAT,HEAT,67.54481,-161.96268,6.4,388.2,8.35,-,0.164,5.4,3,-,-,-,-,-,-,-,-,-,-,0.021,-,<0.004,0.17,0.23,<0.003,0.025,0.68,31.27,-,-,2.5,0.49,64.78,14.51,-,-,-,-15.9,-118,-,-,-,-,-,-,-,-,-,-,-,-,-,-,-,-,-,-,-,-,-,-,-
8/11/2015,ANFT 3,NOAT,HEAT,67.54481,-161.96268,6.5,707.7,8.3,11.1,0.04,1.9,2.1,-,-,-,-,-,-,-,-,-,*0.000,<0.01,-,0.002,0.12,0.12,*0.000,*0.001,1.14,72.33,-,-,5.27,0.7,118.92,31.26,-,-,-,-16,-120,-,-,-,-,-,-,-,-,-,-,-,-,-,-,-,-,-,-,-,-,-,-,-
9/16/2015,ANFT 3,NOAT,HEAT,67.54481,-161.96268,3.1,688,8.31,11.4,0.059,2.5,2.4,-,-,-,-,-,-,-,-,-,*0.003,0.012,-,<0.004,0.1,0.06,<0.003,*0.000,1.04,63.27,-,-,3.25,0.61,111.52,27.59,-,-,-,-16,-120,-,-,-,-,-,-,-,-,-,-,-,-,-,-,-,-,-,-,-,-,-,-,-
6/12/2016,ANFT 3,NOAT,HEAT,67.54481,-161.96268,7.9,677.6,7.73,11.1,0.054,2.2,2.5,*0.00,-,-,-,-,-,-,-,-,*0.001,*0.001,-,0.002,0.12,0.1,*0.001,0.005,1.07,66.66,-,-,3.79,0.78,112.35,26.49,1.4,,50.98,-16.9,-125,-,-,-,-,-,-,-,-,-,-,-,-,-,-,-,-,-,-,-,-,-,-,-
8/11/2016,ANFT 3,NOAT,HEAT,67.54481,-161.96268,12.6,856,7.82,10.6,0.04,1.8,2.2,*0.01,-,-,-,-,-,-,-,-,*0.003,*0.001,-,*0.001,0.08,0.07,*0.001,*0.002,1.02,88.88,-,-,5.1,0.81,132.51,33.71,-,139.98,-,-16.8,-124,-,-,-,-,-,-,-,-,-,-,-,-,-,-,-,-,-,-,-,-,-,-,-
9/8/2016,ANFT 3,NOAT,HEAT,67.54481,-161.96268,6.3,809,8.11,12.7,-,-,-,*0.00,-,-,-,-,-,-,-,-,*0.002,0.006,-,*0.000,0.11,0.1,*0.000,*0.000,0.96,71.97,-,-,3.02,0.63,124.57,30.59,1.72,151.53,52.86,-16.4,-120,-,-,-,-,-,-,-,-,-,-,-,-,-,-,-,-,-,-,-,-,-,-,-
6/7/2017,ANFT 3,NOAT,HEAT,67.54481,-161.96268,6.4,615.9,8.04,12.3,0.099,3.4,2.9,*0.03,-,-,-,-,-,-,-,-,0.03,0.011,-,*0.001,0.15,0.21,0.007,0.011,0.85,28.89,-,-,1.97,0.52,65.25,14.46,2.75,120.66,32.43,-16.8,-122,-,-,-,-,-,-,-,-,-,-,-,-,-,-,-,-,-,-,-,-,-,-,-
8/18/2017,ANFT 3,NOAT,HEAT,67.54481,-161.96268,4.8,737.2,8,12.9,0.069,3.1,2.2,0.11,-,-,-,-,-,-,-,-,0.02,0.007,-,*0.001,0.14,0.11,*0.002,0.005,0.91,67.11,-,-,2.44,0.51,119.23,28.46,1.93,159.95,49.71,-16.4,-119,-,-,-,-,-,-,-,-,-,-,-,-,-,-,-,-,-,-,-,-,-,-,-
6/12/2018,ANFT 3,NOAT,HEAT,67.54481,-161.96268,10.8,824.4,8.2,10.8,0.058,2.4,2.4,*0.05,-,-,-,-,-,-,-,-,0.014,0.002,-,0.003,0.09,0.09,*0.001,*0.001,1.21,61.56,-,-,2.47,0.68,112.63,26.23,1.32,138.63,48.76,-,-,-,-,-,-,-,-,-,-,-,-,-,-,-,-,-,-,-,-,-,-,-,-,-
9/4/2018,ANFT 3,NOAT,HEAT,67.54481,-161.96268,7.5,1098.6,8.1,11.5,0.061,3.2,1.9,0.1,-,-,-,-,-,-,-,-,*0.004,0.006,-,0.004,0.13,0.09,*0.001,*0.002,1.22,78.25,-,-,3.38,0.7,122.04,34.4,2.03,163.52,56.24,-17.1,-122,-,-,-,-,-,-,-,-,-,-,-,-,-,-,-,-,-,-,-,-,-,-,-
6/7/2019,ANFT 3,NOAT,HEAT,67.54481,-161.96268,-,-,-,-,-,-,-,*0.02,,,,,,,,,0.013,0.008,-,0.002,0.21,0.13,0.004,*0.002,1.19,50.43,-,-,2.26,0.69,97.53,23.82,2.23,143.1,-,-16.6,-124,-,-,-,-,-,-,-,-,-,-,-,-,-,-,-,-,-,-,-,-,-,-,-
 8/19/2019,ANFT 3,NOAT,HEAT,67.54481,-161.96268,5.3,688,8.13,12.3,0.093,3.8,2.4,-,,,,,,,,,*0.007,0.027,-,*0.000,0.14,0.15,*0.002,*0.002,1.24,73.14,0.036,-,2.05,0.52,116.66,30.6,2.4,101.86,49.97,-16.7,-119,-,-,-,-,-,-,-,-,-,-,-,-,-,-,-,-,-,-,-,-,-,-,-
6/11/2015,ANFT 4,NOAT,HEAT,67.52215,-162.06027,7.8,281.7,8.37,-,0.086,3,2.8,-,-,-,-,-,-,-,-,-,-,0.043,-,<0.004,0.1,0.15,<0.003,*0.002,1.29,15.24,-,-,3.29,0.73,42.03,13.31,-,-,-,-16,-119,-,-,-,-,-,-,-,-,-,-,-,-,-,-,-,-,-,-,-,-,-,-,-
8/10/2015,ANFT 4,NOAT,HEAT,67.52215,-162.06027,10.3,439.7,8.37,10.7,0.019,1.3,1.5,-,-,-,-,-,-,-,-,-,*0.000,0.021,-,0.002,0.12,0.1,*0.002,*0.000,2.06,28.16,-,-,5.51,1.03,64.75,21.16,-,-,-,-16.3,-121,-,-,-,-,-,-,-,-,-,-,-,-,-,-,-,-,-,-,-,-,-,-,-
9/18/2015,ANFT 4,NOAT,HEAT,67.52215,-162.06027,0.1,450.7,8.34,13.3,0.027,1.5,1.8,-,-,-,-,-,-,-,-,-,*0.003,0.059,-,<0.004,0.11,0.1,<0.003,*0.000,1.62,27.21,-,-,3.57,0.67,65.49,22.32,-,-,-,-16.2,-121,-,-,-,-,-,-,-,-,-,-,-,-,-,-,-,-,-,-,-,-,-,-,-
6/8/2016,ANFT 4,NOAT,HEAT,67.52215,-162.06027,10.1,420.5,7.78,11.3,0.034,1.6,2.1,*0.00,-,-,-,-,-,-,-,-,*0.001,0.013,-,0.002,0.1,0.09,*0.001,0.004,1.45,20.86,-,-,3.57,0.85,56.39,17.72,1.1,,37.83,-16.9,-126,-,-,-,-,-,-,-,-,-,-,-,-,-,-,-,-,-,-,-,-,-,-,-
8/9/2016,ANFT 4,NOAT,HEAT,67.52215,-162.06027,15.1,460.5,7.94,11.9,0.021,1.4,1.5,*0.01,-,-,-,-,-,-,-,-,*0.002,0.006,-,*0.001,0.07,0.11,*0.001,0.008,2.02,29.3,-,-,5.27,1.08,69.18,23.2,-,110.39,42.8,-16.8,-125,-,-,-,-,-,-,-,-,-,-,-,-,-,-,-,-,-,-,-,-,-,-,-
8/12/2016,ANFT 4,NOAT,HEAT,67.52215,-162.06027,12.2,470,8.23,10.7,0.018,1.2,1.5,*0.00,-,-,-,-,-,-,-,-,*0.002,0.006,-,*0.001,0.06,0.07,*0.000,*0.002,2.04,29.77,-,-,5.29,1.02,74.1,23.25,-,122.06,44.27,-16.9,-125,-,-,-,-,-,-,-,-,-,-,-,-,-,-,-,-,-,-,-,-,-,-,-
6/6/2017,ANFT 4,NOAT,HEAT,67.52215,-162.06027,7.1,360.6,7.99,11.9,0.077,2.5,3,*0.01,-,-,-,-,-,-,-,-,0.011,0.033,-,*0.001,0.12,0.16,0.004,0.006,1.22,11.9,-,-,1.91,0.55,36.93,10.17,1.94,86.97,23.09,-16.9,-124,-,-,-,-,-,-,-,-,-,-,-,-,-,-,-,-,-,-,-,-,-,-,-
8/18/2017,ANFT 4,NOAT,HEAT,67.52215,-162.06027,6.7,494.3,8.1,12.4,0.035,1.8,2,*0.01,-,-,-,-,-,-,-,-,*0.010,0.029,-,*0.001,0.13,0.09,*0.001,*0.000,1.13,29.63,-,-,2.71,0.57,67.37,20.93,1.19,138.04,39.98,-16.9,-122,-,-,-,-,-,-,-,-,-,-,-,-,-,-,-,-,-,-,-,-,-,-,-
6/11/2018,ANFT 4,NOAT,HEAT,67.52215,-162.06027,9.3,450.3,8.1,,0.047,3,1.6,*0.04,-,-,-,-,-,-,-,-,*0.009,0.028,-,0.003,0.13,0.08,0.003,*0.001,1.29,18.8,-,-,1.94,0.57,51.84,16.16,1.02,55.86,34.31,-,-,-,-,-,-,-,-,-,-,-,-,-,-,-,-,-,-,-,-,-,-,-,-,-
9/5/2018,ANFT 4,NOAT,HEAT,67.52215,-162.06027,8.2,710.7,8.1,11.4,0.023,1.5,1.5,*0.06,-,-,-,-,-,-,-,-,*0.009,0.027,-,0.004,0.15,0.09,0.009,0.004,1.66,37.04,-,-,3.86,0.77,79.22,24.47,0.92,142.93,44.87,-17.1,-123,-,-,-,-,-,-,-,-,-,-,-,-,-,-,-,-,-,-,-,-,-,-,-
6/7/2019,ANFT 4,NOAT,HEAT,67.52215,-162.06027,12,379,8.3,10.4,0.048,2.6,1.8,*0.03,,,,,,,,,*0.007,0.035,-,*0.001,0.15,0.11,*0.002,0.003,1.08,22.24,-,-,2.08,0.62,53.59,16.34,1.29,93.23,-,-16.9,-126,-,-,-,-,-,-,-,-,-,-,-,-,-,-,-,-,-,-,-,-,-,-,-
 8/18/2019,ANFT 4,NOAT,HEAT,67.52215,-162.06027,9.6,512,8.13,11.2,0.053,2.5,2.1,-,,,,,,,,,*0.006,0.064,-,*0.000,0.14,0.17,*0.001,*0.002,1.51,50.5,0.046,-,2.56,0.61,85.99,27.06,1.64,123.58,38.23,-16.5,-120,-,-,-,-,-,-,-,-,-,-,-,-,-,-,-,-,-,-,-,-,-,-,-
9/16/2013,Anisak River,NOAT,ARCN,68.054191,-158.940206,3.1,369,-,-,0.053,2.3,2.2,< 0.02,-,2.8,51%,2%,1.8,15%,2.4,19%,*0.003,0.047,-,*0.000,0.14,-,*0.001,-,0.26,42.09,0.03,*0.00,4.08,0.37,49.7,12.38,-,-,-,-18.7,-142.8,-,-,-,-,-,-,-,-,-,-,-,-,-,-,-,-,-,-,-,-,-,-,-
6/11/2016,Anisak River,NOAT,ARCN,68.407,-159.0493,-,337.7,8.4,-,-,-,-,*0.00,-,-,-,-,-,-,-,-,*0.004,0.023,-,*0.000,0.06,0.04,*0.000,*0.000,0.19,41.28,-,-,3.63,0.31,44.87,10.17,0.58,36.85,15.97,-,-,-,-,-,-,-,-,-,-,-,-,-,-,-,-,-,-,-,-,-,-,-,-,-
9/15/2013,Aniuk River,NOAT,ARCN,68.006924,-157.942587,4.7,232,7.85,-,0.079,2.9,2.7,0.04,2.6,3.4,51%,4%,-,16%,2,23%,*0.002,0.009,-,*0.000,0.12,-,*0.001,-,0.27,18.31,0.03,*0.00,2.54,0.31,19.77,14.32,-,-,-,-18.7,-141.6,-,-,-,-,-,-,-,-,-,-,-,-,-,-,-,-,-,-,-,-,-,-,-
8/6/2014,April Creek,GAAR,ARCN,67.97904,-154.489,9.9,122.4,-,9.9,0.014,1,1.4,-,-,-,-,-,-,-,-,-,*0.003,0.032,-,*0.001,0.12,0.07,*0.000,*0.001,0.12,11.89,-,-,2.4,0.28,16.69,7.1,-,-,-,-,-,-,-,-,-,-,-,-,-,-,-,-,-,-,-,-,-,-,-,-,-,-,-,-
6/12/2017,ART 1,KOVA,HEAT,67.4246,-158.02731,4.4,134.2,7.04,13.1,0.04,1.4,2.9,*0.05,-,-,-,-,-,-,-,-,*0.002,0.364,-,0.002,0.41,0.42,*0.000,*0.000,0.29,4.38,-,-,0.31,0.11,11.9,1.82,1,22.17,5.16,-18.3,-133,-,-,-,-,-,-,-,-,-,-,-,-,-,-,-,-,-,-,-,-,-,-,-
8/22/2017,ART 1,KOVA,HEAT,67.4246,-158.02731,4.6,111.5,8,13.2,0.014,0.8,1.8,*0.01,-,-,-,-,-,-,-,-,*0.006,0.338,-,0.002,0.38,0.39,*0.002,0.003,0.27,7.91,-,-,0.5,0.09,14.21,3.1,0.48,24.58,6.75,-18,-132,-,-,-,-,-,-,-,-,-,-,-,-,-,-,-,-,-,-,-,-,-,-,-
6/13/2018,ART 1,KOVA,HEAT,67.4246,-158.02731,2.7,195.7,7.5,13.2,0.009,0.7,1.3,0.1,-,-,-,-,-,-,-,-,*0.008,0.469,-,*0.001,0.52,0.48,*0.000,*0.002,0.45,10.07,-,-,0.35,0.12,12.58,3.63,0.37,15.24,3.31,-,-,-,-,-,-,-,-,-,-,-,-,-,-,-,-,-,-,-,-,-,-,-,-,-
8/30/2018,ART 1,KOVA,HEAT,67.4246,-158.02731,5.3,248.2,7,12.2,0.017,0.6,3,0.5,-,-,-,-,-,-,-,-,0.014,0.245,-,*0.001,0.26,0.24,*0.001,0.003,0.3,18.08,-,-,0.38,0.13,16.15,5.55,0.41,8.42,1.95,-18.4,-132,-,-,-,-,-,-,-,-,-,-,-,-,-,-,-,-,-,-,-,-,-,-,-
6/4/2019,ART 1,KOVA,HEAT,67.4246,-158.02731,2.4,97,7.6,12.6,0.013,1.9,0.7,*0.05,,,,,,,,,*0.005,0.552,-,*0.001,0.67,0.64,*0.000,0.005,0.42,9.06,-,-,0.34,0.14,11.42,3.23,0.49,13.92,-,-18.5,-138,-,-,-,-,-,-,-,-,-,-,-,-,-,-,-,-,-,-,-,-,-,-,-
 8/22/2019,ART 1,KOVA,HEAT,67.4246,-158.02731,5.2,178.4,6.74,12.4,0.017,0.7,2.5,-,,,,,,,,,0.013,0.39,-,*0.000,0.43,0.38,*0.000,*0.000,0.28,27.38,0.1,-,0.43,0.11,20.27,9.27,0.32,4.94,1.16,-,-,-,-,-,-,-,-,-,-,-,-,-,-,-,-,-,-,-,-,-,-,-,-,-
6/11/2017,ART 2,KOVA,HEAT,67.356,-158.18379,4.3,158.9,7.21,13.1,0.062,2,3,*0.04,-,-,-,-,-,-,-,-,*0.002,0.377,-,*0.001,0.44,0.46,*0.001,*0.000,0.37,7.15,-,-,0.43,0.12,12.27,2.75,1.71,18.31,-,-17.8,-131,-,-,-,-,-,-,-,-,-,-,-,-,-,-,-,-,-,-,-,-,-,-,-
8/22/2017,ART 2,KOVA,HEAT,67.356,-158.18379,3.8,133,7.8,13.4,0.027,1.3,2.1,0.08,-,-,-,-,-,-,-,-,*0.006,0.428,-,0.002,0.5,0.44,*0.001,*0.000,0.28,10.78,-,-,0.83,0.07,17.44,3.74,0.95,26.63,6.27,-18,-131,-,-,-,-,-,-,-,-,-,-,-,-,-,-,-,-,-,-,-,-,-,-,-
6/13/2018,ART 2,KOVA,HEAT,67.356,-158.18379,3.9,227.7,8,12.8,0.016,0.8,1.9,*0.04,-,-,-,-,-,-,-,-,*0.004,0.471,-,*0.001,0.53,0.51,*0.000,*0.000,0.5,11.2,-,-,0.56,0.13,16.61,4.53,0.56,23.71,5.49,-,-,-,-,-,-,-,-,-,-,-,-,-,-,-,-,-,-,-,-,-,-,-,-,-
8/30/2018,ART 2,KOVA,HEAT,67.356,-158.18379,4.9,340.5,7.7,12.4,0.019,1,1.9,*0.04,-,-,-,-,-,-,-,-,*0.005,0.481,-,0.002,0.53,0.54,*0.000,*0.002,0.39,22.07,-,-,0.68,0.14,24.95,7.25,0.89,25.27,5.53,-18,-132,-,-,-,-,-,-,-,-,-,-,-,-,-,-,-,-,-,-,-,-,-,-,-
6/4/2019,ART 2,KOVA,HEAT,67.356,-158.18379,4.6,126,7.8,12.3,0.021,1.7,1.3,*0.04,,,,,,,,,*0.004,0.543,-,*0.000,0.63,0.65,*0.000,0.005,0.39,11.91,-,-,0.52,0.13,15.36,4.55,0.75,19.78,-,-18.4,-138,-,-,-,-,-,-,-,-,-,-,-,-,-,-,-,-,-,-,-,-,-,-,-
 8/22/2019,ART 2,KOVA,HEAT,67.356,-158.18379,6.3,181.4,7.52,12.1,0.017,1,1.6,-,,,,,,,,,*0.004,0.563,-,0.002,0.64,0.64,*0.000,*0.000,0.35,22.15,0.039,-,0.73,0.13,25.83,7.8,0.71,26.27,6.32,-,-,-,-,-,-,-,-,-,-,-,-,-,-,-,-,-,-,-,-,-,-,-,-,-
6/12/2017,ART 3,KOVA,HEAT,67.24428,-158.435,10,108.3,6.84,10.2,0.436,9.7,4.5,1.47,-,-,-,-,-,-,-,-,0.133,0.131,-,0.004,0.55,0.66,0.017,0.058,0.33,2.65,-,-,0.92,0.18,9.65,2.97,8.21,27.46,7.07,-17.3,-131,-,-,-,-,-,-,-,-,-,-,-,-,-,-,-,-,-,-,-,-,-,-,-
8/23/2017,ART 3,KOVA,HEAT,67.24428,-158.435,8,71.1,7.5,11.4,0.666,15.7,4.2,0.17,-,-,-,-,-,-,-,-,*0.007,0.106,-,*0.001,0.38,0.49,0.003,0.025,0.22,2.34,-,-,0.79,0.1,8.72,2.8,12.76,24.78,6.29,-17.4,-127,-,-,-,-,-,-,-,-,-,-,-,-,-,-,-,-,-,-,-,-,-,-,-
6/13/2018,ART 3,KOVA,HEAT,67.23676,-158.30624,8.2,191.3,8.2,11.6,0.072,2.1,3.4,0.19,-,-,-,-,-,-,-,-,*0.010,0.251,-,*0.001,0.29,0.29,*0.002,0.01,0.42,3.84,-,-,1.39,0.15,15.89,6.19,1.54,55.25,13.2,-,-,-,-,-,-,-,-,-,-,-,-,-,-,-,-,-,-,-,-,-,-,-,-,-
8/30/2018,ART 3,KOVA,HEAT,67.23676,-158.30624,7.9,188.1,8,11.2,0.422,9.8,4.3,*0.05,-,-,-,-,-,-,-,-,0.016,0.175,-,0.005,0.45,0.41,*0.002,0.014,0.46,2.48,-,-,1.07,0.18,14.86,6,8.37,56.85,13.31,-18.4,-134,-,-,-,-,-,-,-,-,-,-,-,-,-,-,-,-,-,-,-,-,-,-,-
6/4/2019,ART 3,KOVA,HEAT,67.23676,-158.30624,10.8,112,7.5,10.7,0.116,3.9,2.9,0.23,,,,,,,,,*0.009,0.332,-,0.003,0.47,-,0.004,-,0.44,3.44,-,-,1.31,0.2,13.34,5.2,-,-,-,-17.9,-136,-,-,-,-,-,-,-,-,-,-,-,-,-,-,-,-,-,-,-,-,-,-,-
 8/20/2019,ART 3,KOVA,HEAT,67.23676,-158.30624,10.7,124.7,7.52,11.1,0.246,6.2,4,-,,,,,,,,,*0.010,0.211,-,0.003,0.38,0.36,0.004,0.006,0.43,3.31,0.026,-,1.24,0.16,17.63,7.13,4.79,127.89,15.14,,,-,-,-,-,-,-,-,-,-,-,-,-,-,-,-,-,-,-,-,-,-,-,-
6/10/2015,ASFM 1,NOAT,HEAT,67.545,-161.681,4,243.7,8.18,-,0.017,0.7,2.3,-,-,-,-,-,-,-,-,-,-,0.064,-,<0.004,<0.05,0.12,<0.003,*0.001,0.58,10.21,-,-,0.7,0.16,39.11,10.43,-,-,-,-16.7,-124,-,-,-,-,-,-,-,-,-,-,-,-,-,-,-,-,-,-,-,-,-,-,-
8/11/2015,ASFM 1,NOAT,HEAT,67.545,-161.681,9.3,351.4,8.36,10.1,0.005,0.6,0.8,-,-,-,-,-,-,-,-,-,*0.000,0.066,-,*0.001,0.12,0.09,*0.000,*0.000,0.44,20.14,-,-,1.32,0.22,48.05,15.41,-,-,-,-16.6,-123,-,-,-,-,-,-,-,-,-,-,-,-,-,-,-,-,-,-,-,-,-,-,-
9/17/2015,ASFM 1,NOAT,HEAT,67.545,-161.681,1.7,438.8,8.19,13.7,0.012,0.7,1.8,-,-,-,-,-,-,-,-,-,*0.001,0.091,-,<0.004,0.12,0.09,<0.003,*0.000,0.56,31,-,-,1.56,0.26,64.23,20.17,-,-,-,-16.6,-124,-,-,-,-,-,-,-,-,-,-,-,-,-,-,-,-,-,-,-,-,-,-,-
6/8/2016,ASFM 1,NOAT,HEAT,67.545,-161.681,4.4,258.2,7.95,13.1,0.008,0.7,1.1,*0.00,-,-,-,-,-,-,-,-,*0.003,0.061,-,0.004,0.11,0.08,*0.001,*0.001,0.48,11.31,-,-,0.7,0.17,40.65,11.21,0.33,,,-17.5,-129,-,-,-,-,-,-,-,-,-,-,-,-,-,-,-,-,-,-,-,-,-,-,-
8/10/2016,ASFM 1,NOAT,HEAT,67.545,-161.681,12.1,375,7.94,10.5,0.01,0.6,1.8,*0.01,-,-,-,-,-,-,-,-,*0.001,0.058,-,*0.000,0.09,0.07,*0.000,*0.000,0.46,25.75,-,-,1.48,0.25,59.96,17.66,-,82.02,33.58,-,-,-,-,-,-,-,-,-,-,-,-,-,-,-,-,-,-,-,-,-,-,-,-,-
9/9/2016,ASFM 1,NOAT,HEAT,67.545,-161.681,5.9,553.3,7.9,12.5,0.008,0.7,1.1,*0.00,-,-,-,-,-,-,-,-,*0.002,0.087,-,*0.000,0.14,0.13,*0.000,*0.000,0.6,36.55,-,-,1.63,0.26,67.47,21.55,0.3,102.29,36.88,-16.8,-124,-,-,-,-,-,-,-,-,-,-,-,-,-,-,-,-,-,-,-,-,-,-,-
6/8/2017,ASFM 1,NOAT,HEAT,67.545,-161.681,1.2,358.6,7.67,13.9,0.017,0.9,2,*0.02,-,-,-,-,-,-,-,-,*0.010,0.053,-,*0.000,0.08,0.1,*0.002,0.042,0.81,8.26,-,-,0.78,0.14,34.44,8.07,0.48,74.64,21.76,-17.6,-126,-,-,-,-,-,-,-,-,-,-,-,-,-,-,-,-,-,-,-,-,-,-,-
8/16/2017,ASFM 1,NOAT,HEAT,67.545,-161.681,7.1,426.5,8,11.9,0.009,0.9,1,*0.02,-,-,-,-,-,-,-,-,*0.009,0.081,-,*0.001,0.12,0.07,0.005,*0.001,0.66,28.59,-,-,1.14,0.21,64.35,18.76,0.32,120.63,34.59,-16.7,-122,-,-,-,-,-,-,-,-,-,-,-,-,-,-,-,-,-,-,-,-,-,-,-
6/12/2018,ASFM 1,NOAT,HEAT,67.545,-161.681,6.1,426.5,8.3,11.9,0.013,0.9,1.4,*0.05,-,-,-,-,-,-,-,-,*0.008,0.079,-,0.003,0.11,0.09,*0.000,*0.000,1.06,16.06,-,-,0.99,0.22,48.52,13.37,0.33,96.98,31.06,-,-,-,-,-,-,-,-,-,-,-,-,-,-,-,-,-,-,-,-,-,-,-,-,-
9/3/2018,ASFM 1,NOAT,HEAT,67.545,-161.681,8,603,8,11.4,0.008,0.6,1.3,0.11,-,-,-,-,-,-,-,-,*0.003,0.063,-,0.003,0.12,0.08,*0.000,*0.000,0.75,32.14,-,-,1.52,0.26,61.19,19.38,0.29,112.45,33.9,-17,-122,-,-,-,-,-,-,-,-,-,-,-,-,-,-,-,-,-,-,-,-,-,-,-
6/7/2019,ASFM 1,NOAT,HEAT,67.545,-161.681,4.9,265,8.2,11.6,0.018,1.2,1.5,*0.01,,,,,,,,,*0.006,0.065,-,*0.001,0.13,0.12,*0.001,0.007,0.61,11.41,-,-,0.7,0.19,39.1,10.15,0.42,78.7,-,-16.6,-123,-,-,-,-,-,-,-,-,-,-,-,-,-,-,-,-,-,-,-,-,-,-,-
 8/19/2019,ASFM 1,NOAT,HEAT,67.545,-161.681,8,456.6,8.14,11.5,0.014,0.9,1.5,-,,,,,,,,,*0.004,0.098,-,*0.000,0.14,0.11,*0.002,*0.000,0.95,42.58,0.027,-,1.24,0.26,77.72,21.92,0.37,69.27,35.89,-16.7,-121,-,-,-,-,-,-,-,-,-,-,-,-,-,-,-,-,-,-,-,-,-,-,-
6/12/2015,ASFM 2,NOAT,HEAT,67.48146,-162.1292,6.6,292.8,8.36,-,0.059,2.2,2.7,-,-,-,-,-,-,-,-,-,-,0.065,-,<0.004,0.09,0.16,<0.003,*0.001,1.3,14.6,-,-,2.24,0.25,43.42,13.79,-,-,-,-16.4,-122,-,-,-,-,-,-,-,-,-,-,-,-,-,-,-,-,-,-,-,-,-,-,-
8/10/2015,ASFM 2,NOAT,HEAT,67.48146,-162.1292,12.2,398.6,8.29,9.5,0.015,1.2,1.2,-,-,-,-,-,-,-,-,-,*0.001,0.094,-,*0.000,0.17,0.12,*0.000,*0.000,2.49,24.67,-,-,5.13,0.43,61.51,20.76,-,-,-,-16.4,-122,-,-,-,-,-,-,-,-,-,-,-,-,-,-,-,-,-,-,-,-,-,-,-
9/18/2015,ASFM 2,NOAT,HEAT,67.48146,-162.1292,0.9,450.1,8.31,-,0.032,1.7,1.9,-,-,-,-,-,-,-,-,-,*0.002,0.096,-,<0.004,0.16,0.13,<0.003,*0.000,2.7,27.05,-,-,4,0.36,55.98,21.81,-,-,-,-16.3,-122,-,-,-,-,-,-,-,-,-,-,-,-,-,-,-,-,-,-,-,-,-,-,-
6/10/2015,ASFT 1,NOAT,HEAT,67.544537,-161.681216,2,285.2,8.35,-,0.017,0.7,2.5,-,-,-,-,-,-,-,-,-,-,0.057,-,<0.004,<0.05,0.09,<0.003,*0.000,0.5,14.39,-,-,0.57,0.31,42.14,11.77,-,-,-,-16.6,-123,-,-,-,-,-,-,-,-,-,-,-,-,-,-,-,-,-,-,-,-,-,-,-
8/11/2015,ASFT 1,NOAT,HEAT,67.544537,-161.681216,9.1,283.5,8.35,9.9,0.004,0.5,0.9,-,-,-,-,-,-,-,-,-,*0.000,0.055,-,*0.000,0.13,0.09,*0.000,*0.000,0.51,30.5,-,-,1.3,0.3,58.26,20.81,-,-,-,-16.4,-122,-,-,-,-,-,-,-,-,-,-,-,-,-,-,-,-,-,-,-,-,-,-,-
9/17/2015,ASFT 1,NOAT,HEAT,67.544537,-161.681216,2.1,548.9,8.17,13.6,0.009,0.7,1.3,-,-,-,-,-,-,-,-,-,*0.002,0.092,-,<0.004,0.13,0.09,<0.003,*0.000,0.56,40.84,-,-,1.63,0.33,71.1,26.64,-,-,-,-16.6,-124,-,-,-,-,-,-,-,-,-,-,-,-,-,-,-,-,-,-,-,-,-,-,-
6/8/2016,ASFT 1,NOAT,HEAT,67.544537,-161.681216,3.5,311.2,8.01,13.5,0.009,0.7,1.2,*0.00,-,-,-,-,-,-,-,-,*0.001,0.061,-,0.004,0.12,0.1,*0.000,0.003,0.51,17.03,-,-,0.66,0.21,45.06,13.66,0.31,,29.91,-17.7,-129,-,-,-,-,-,-,-,-,-,-,-,-,-,-,-,-,-,-,-,-,-,-,-
8/9/2016,ASFT 1,NOAT,HEAT,67.544537,-161.681216,11.4,451.8,7.96,10.7,0.006,0.5,1.2,*0.00,-,-,-,-,-,-,-,-,*0.002,0.051,-,*0.000,0.08,0.08,*0.000,0.003,0.51,36.57,-,-,1.4,0.33,66.1,23.33,-,87.96,-,-17.1,-125,-,-,-,-,-,-,-,-,-,-,-,-,-,-,-,-,-,-,-,-,-,-,-
9/9/2016,ASFT 1,NOAT,HEAT,67.544537,-161.681216,4.5,614.2,7.97,12.9,0.01,0.5,1.8,*0.00,-,-,-,-,-,-,-,-,*0.000,0.087,-,*0.000,0.15,0.14,*0.000,0.003,0.68,52.13,-,-,1.61,0.34,81.59,28.94,0.22,110.95,39.46,-16.8,-124,-,-,-,-,-,-,-,-,-,-,-,-,-,-,-,-,-,-,-,-,-,-,-
6/8/2017,ASFT 1,NOAT,HEAT,67.544537,-161.681216,2.7,409.6,8.35,13.4,0.016,0.9,1.8,*0.01,-,-,-,-,-,-,-,-,*0.010,0.045,-,*0.000,0.08,0.08,*0.000,0.003,0.87,11.98,-,-,0.74,0.17,40.28,9.3,0.42,83.03,23.37,-17.5,-126,-,-,-,-,-,-,-,-,-,-,-,-,-,-,-,-,-,-,-,-,-,-,-
8/16/2017,ASFT 1,NOAT,HEAT,67.544537,-161.681216,7.3,521.4,8,11.8,0.008,0.7,1.1,*0.00,-,-,-,-,-,-,-,-,*0.010,0.076,-,*0.000,0.12,0.1,*0.000,0.004,0.67,41.65,-,-,1.12,0.26,75.67,24.74,0.28,124.32,37.91,-16.9,-122,-,-,-,-,-,-,-,-,-,-,-,-,-,-,-,-,-,-,-,-,-,-,-
6/12/2018,ASFT 1,NOAT,HEAT,67.544537,-161.681216,7.6,527.3,8.2,11.5,0.01,0.9,1.2,*0.03,-,-,-,-,-,-,-,-,*0.007,0.095,-,*0.001,0.12,0.11,*0.000,*0.000,1.12,25.83,-,-,1.05,0.27,56.88,18.41,0.26,108.17,35.46,-,-,-,-,-,-,-,-,-,-,-,-,-,-,-,-,-,-,-,-,-,-,-,-,-
9/3/2018,ASFT 1,NOAT,HEAT,67.544537,-161.681216,7,689.4,8.2,11.6,0.006,0.7,0.9,*0.05,-,-,-,-,-,-,-,-,*0.006,0.062,-,0.002,0.12,0.07,*0.000,*0.000,0.75,46.64,-,-,1.39,0.34,67.63,25.9,0.25,88.7,36.73,-17.1,-123,-,-,-,-,-,-,-,-,-,-,-,-,-,-,-,-,-,-,-,-,-,-,-
6/7/2019,ASFT 1,NOAT,HEAT,67.544537,-161.681216,5.8,335,8.2,11.4,0.012,1.4,0.9,*0.01,,,,,,,,,*0.004,0.074,-,*0.001,0.16,0.11,*0.001,0.004,0.68,18.79,-,-,0.75,0.24,47.54,13.57,0.3,88.18,-,-16.8,-124,-,-,-,-,-,-,-,-,-,-,-,-,-,-,-,-,-,-,-,-,-,-,-
 8/19/2019,ASFT 1,NOAT,HEAT,67.544537,-161.681216,7.9,612,8.13,11.5,0.013,1,1.3,-,,,,,,,,,*0.006,0.113,-,*0.001,0.17,0.16,*0.000,*0.000,0.93,69.81,0.12,-,1.37,0.37,96.84,33.64,0.47,106.57,41.39,-16.4,-122,-,-,-,-,-,-,-,-,-,-,-,-,-,-,-,-,-,-,-,-,-,-,-
6/8/2017,ASFT 1 High,NOAT,HEAT,67.54272,-161.67593,4,-,8.22,12.8,0.015,1,1.6,0.09,-,-,-,-,-,-,-,-,*0.009,0.045,-,*0.001,0.07,0.08,*0.000,0.008,0.88,13.24,-,-,0.71,0.17,39.24,9.72,0.5,86.04,23.29,-17.5,-126,-,-,-,-,-,-,-,-,-,-,-,-,-,-,-,-,-,-,-,-,-,-,-
6/8/2017,ASFT 1 Seep,NOAT,HEAT,67.54285,-161.67883,-,-,-,-,0.426,10.5,4.1,*0.06,-,-,-,-,-,-,-,-,*0.001,*0.001,-,*0.000,0.34,0.44,0.005,0.09,0.57,0.31,-,-,0.5,0.22,16.27,2.27,9.57,46.58,10.76,-16.9,-123,-,-,-,-,-,-,-,-,-,-,-,-,-,-,-,-,-,-,-,-,-,-,-
6/12/2015,ASFT 2,NOAT,HEAT,67.49841,-161.87108,3.8,285.2,8.32,-,0.07,2.4,2.9,-,-,-,-,-,-,-,-,-,-,0.048,-,<0.004,0.07,0.13,<0.003,*0.001,0.83,15.96,-,-,1.25,0.23,44.33,12.54,-,-,-,-16.2,-121,-,-,-,-,-,-,-,-,-,-,-,-,-,-,-,-,-,-,-,-,-,-,-
8/11/2015,ASFT 2,NOAT,HEAT,67.49841,-161.87108,11.4,409.1,8.42,9.6,0.016,1.1,1.5,-,-,-,-,-,-,-,-,-,*0.001,0.082,-,*0.000,0.14,0.13,*0.000,*0.000,1.7,36.25,-,-,3.41,0.39,69.03,24.08,-,-,-,-16.5,-123,-,-,-,-,-,-,-,-,-,-,-,-,-,-,-,-,-,-,-,-,-,-,-
9/17/2015,ASFT 2,NOAT,HEAT,67.49841,-161.87108,3.1,551.5,8.31,13.2,0.043,1.9,2.3,-,-,-,-,-,-,-,-,-,*0.002,0.073,-,<0.004,0.13,0.12,<0.003,*0.001,1.93,47.21,-,-,3.64,0.41,77.26,29.29,-,-,-,-16.3,-122,-,-,-,-,-,-,-,-,-,-,-,-,-,-,-,-,-,-,-,-,-,-,-
6/8/2016,ASFT 2,NOAT,HEAT,67.49841,-161.87108,7.4,338.7,7.69,12.1,0.019,1,1.9,*0.00,-,-,-,-,-,-,-,-,*0.001,0.049,-,0.004,0.1,0.09,*0.000,*0.001,0.89,20.27,-,-,1.43,0.28,51.04,14.8,0.57,,30.43,-17.6,-129,-,-,-,-,-,-,-,-,-,-,-,-,-,-,-,-,-,-,-,-,-,-,-
8/10/2016,ASFT 2,NOAT,HEAT,67.49841,-161.87108,12.3,516.9,8.13,10,0.017,0.9,1.9,*0.00,-,-,-,-,-,-,-,-,*0.002,0.059,-,*0.000,0.11,0.15,*0.000,0.007,1.38,45.6,-,-,3.06,0.39,75.18,27.05,-,108.14,39.57,-17.1,-126,-,-,-,-,-,-,-,-,-,-,-,-,-,-,-,-,-,-,-,-,-,-,-
9/9/2016,ASFT 2,NOAT,HEAT,67.49841,-161.87108,8.1,724.9,7.96,11.9,0.035,1.6,2.2,*0.02,-,-,-,-,-,-,-,-,*0.003,0.077,-,*0.000,0.18,-,*0.000,,1.69,63.32,-,-,4.01,0.45,88.01,33.82,-,-,45.48,-16.6,-122,-,-,-,-,-,-,-,-,-,-,-,-,-,-,-,-,-,-,-,-,-,-,-
6/7/2017,ASFT 2,NOAT,HEAT,67.49841,-161.87108,3.2,385.6,8.3,13.4,0.049,1.9,2.6,*0.01,-,-,-,-,-,-,-,-,*0.006,0.028,-,*0.000,0.11,0.12,*0.001,0.012,0.88,11.49,-,-,0.82,0.2,35.24,8.37,1.24,80.03,21.13,-17.4,-126,-,-,-,-,-,-,-,-,-,-,-,-,-,-,-,-,-,-,-,-,-,-,-
8/17/2017,ASFT 2,NOAT,HEAT,67.49841,-161.87108,5.9,387.4,8,12.5,0.044,2,2.2,*0.01,-,-,-,-,-,-,-,-,0.016,0.062,-,*0.001,0.15,0.1,*0.002,*0.002,1.28,50.12,-,-,2.34,0.32,82.91,27.35,1.33,147.87,40.8,-16.4,-121,-,-,-,-,-,-,-,-,-,-,-,-,-,-,-,-,-,-,-,-,-,-,-
9/5/2018,ASFT 2,NOAT,HEAT,67.49841,-161.87108,9,864,8.2,11.3,0.042,2.1,2,,-,-,-,-,-,-,-,-,*0.005,0.061,-,0.003,0.2,0.12,0.003,*0.001,1.86,58.95,-,-,4.43,0.47,78.13,33,1.4,138.09,42.97,-16.9,-122,-,-,-,-,-,-,-,-,-,-,-,-,-,-,-,-,-,-,-,-,-,-,-
9/5/2018,ASFT 2 inflow,NOAT,HEAT,67.498065,-161.870331,8.7,172.6,8.2,11.1,0.492,17.6,2.8,,-,-,-,-,-,-,-,-,*0.008,*0.001,-,0.003,0.52,0.46,0.003,0.006,1.33,1.44,-,-,1.21,0.11,12.75,7.05,15.44,53.81,12.32,-17.2,-123,-,-,-,-,-,-,-,-,-,-,-,-,-,-,-,-,-,-,-,-,-,-,-
6/12/2015,ASFT 3,NOAT,HEAT,67.46398,-161.97693,5,390.4,8.37,-,0.055,2.2,2.5,-,-,-,-,-,-,-,-,-,-,0.057,-,<0.004,0.11,0.15,<0.003,0.004,0.91,22.29,-,-,2.1,0.32,58.82,18.72,-,-,-,-16.3,-122,-,-,-,-,-,-,-,-,-,-,-,-,-,-,-,-,-,-,-,-,-,-,-
8/8/2015,ASFT 3,NOAT,HEAT,67.46398,-161.97693,10.7,462.8,8.09,9.2,0.024,1.4,1.8,-,-,-,-,-,-,-,-,-,*0.000,0.069,-,*0.000,0.18,0.15,*0.000,*0.000,1.08,34.4,-,-,3.38,0.47,73.32,24.3,-,-,-,-16.3,-122,-,-,-,-,-,-,-,-,-,-,-,-,-,-,-,-,-,-,-,-,-,-,-
9/17/2015,ASFT 3,NOAT,HEAT,67.46398,-161.97693,4.1,486.1,8.11,12.7,0.033,1.6,2.1,-,-,-,-,-,-,-,-,-,*0.002,0.072,-,<0.004,0.14,0.13,<0.003,*0.000,1.07,31.01,-,-,2.38,0.39,70.25,25.32,-,-,-,-16.5,-123,-,-,-,-,-,-,-,-,-,-,-,-,-,-,-,-,-,-,-,-,-,-,-
6/12/2015,ASFT 4,NOAT,HEAT,67.47221,-162.07115,6.4,258.2,8.34,-,0.152,4.8,3.1,-,-,-,-,-,-,-,-,-,-,0.023,-,<0.004,0.14,0.21,<0.003,0.004,0.62,10.63,-,-,1.52,0.31,43.51,8.61,-,-,-,-16.1,-120,-,-,-,-,-,-,-,-,-,-,-,-,-,-,-,-,-,-,-,-,-,-,-
8/9/2015,ASFT 4,NOAT,HEAT,67.47221,-162.07115,12.5,439.6,8.27,10.6,0.071,3.5,2,-,-,-,-,-,-,-,-,-,*0.001,0.049,-,*0.000,0.23,0.2,*0.000,*0.001,0.69,17.42,-,-,4.68,0.6,64.95,14.8,-,-,-,-16.2,-120,-,-,-,-,-,-,-,-,-,-,-,-,-,-,-,-,-,-,-,-,-,-,-
9/17/2015,ASFT 4,NOAT,HEAT,67.47221,-162.07115,3.4,364.5,8.27,13.2,0.106,4.6,2.3,-,-,-,-,-,-,-,-,-,*0.002,0.056,-,<0.004,0.21,0.16,<0.003,*0.001,1.12,17.86,-,-,2.62,0.47,57.03,14.23,-,-,-,-16,-119,-,-,-,-,-,-,-,-,-,-,-,-,-,-,-,-,-,-,-,-,-,-,-
6/9/2016,ASFT 4,NOAT,HEAT,67.47221,-162.07115,9.5,379.4,7.71,11.5,0.066,2.5,2.6,*0.00,-,-,-,-,-,-,-,-,*0.001,0.007,-,0.004,0.13,0.12,*0.000,0.003,0.62,14.42,-,-,2.71,0.51,57.5,11.68,1.95,,37.77,-17.3,-128,-,-,-,-,-,-,-,-,-,-,-,-,-,-,-,-,-,-,-,-,-,-,-
8/9/2016,ASFT 4,NOAT,HEAT,67.47221,-162.07115,16.1,463.1,8.11,11.4,0.064,2.8,2.3,*0.03,-,-,-,-,-,-,-,-,*0.004,0.022,-,*0.000,0.16,0.68,*0.000,0.068,0.67,22.47,-,-,4.5,0.74,80.29,16.55,2.18,125.85,49.67,-16.7,-124,-,-,-,-,-,-,-,-,-,-,-,-,-,-,-,-,-,-,-,-,-,-,-
9/9/2016,ASFT 4,NOAT,HEAT,67.47221,-162.07115,9,533.6,7.97,11.9,0.095,3.9,2.5,*0.00,-,-,-,-,-,-,-,-,*0.003,0.072,-,*0.000,0.26,0.24,*0.000,*0.001,0.98,26.84,-,-,3.58,0.63,84.1,17.63,3.42,125.65,48.25,-16.3,-119,-,-,-,-,-,-,-,-,-,-,-,-,-,-,-,-,-,-,-,-,-,-,-
6/6/2017,ASFT 4,NOAT,HEAT,67.47221,-162.07115,7.7,337.3,7.88,12.2,0.121,3.9,3.1,*0.04,-,-,-,-,-,-,-,-,*0.009,0.016,-,*0.000,0.18,0.2,*0.000,0.007,0.76,10.03,-,-,1.18,0.34,40.8,7.58,2.95,87.28,23.52,-17.7,-128,-,-,-,-,-,-,-,-,-,-,-,-,-,-,-,-,-,-,-,-,-,-,-
8/16/2017,ASFT 4,NOAT,HEAT,67.47221,-162.07115,8.4,459.2,7.9,11.8,0.124,4.7,2.6,*0.02,-,-,-,-,-,-,-,-,0.014,0.048,-,*0.001,0.22,0.18,0.003,*0.002,0.86,22.72,-,-,3.15,0.5,75.98,15.67,3.76,136.81,43.9,-16.3,-117,-,-,-,-,-,-,-,-,-,-,-,-,-,-,-,-,-,-,-,-,-,-,-
6/11/2018,ASFT 4,NOAT,HEAT,67.47221,-162.07115,5.3,366.7,8.4,12.4,0.103,4.8,2.1,0.73,-,-,-,-,-,-,-,-,0.011,0.034,-,*0.001,0.22,0.15,0.003,0.019,1.06,11.16,-,-,1.75,0.4,43.74,8.66,1.99,85.23,27.02,-,-,-,-,-,-,-,-,-,-,-,-,-,-,-,-,-,-,-,-,-,-,-,-,-
9/2/2018,ASFT 4,NOAT,HEAT,67.47221,-162.07115,9.8,625.7,8.1,11.2,0.112,5.1,2.2,0.09,-,-,-,-,-,-,-,-,*0.005,0.039,-,0.003,0.25,0.2,*0.001,*0.002,1.35,29.3,-,-,4.73,0.73,77.53,18.95,3.74,148.81,49.22,-16.8,-121,-,-,-,-,-,-,-,-,-,-,-,-,-,-,-,-,-,-,-,-,-,-,-
6/7/2019,ASFT 4,NOAT,HEAT,67.47221,-162.07115,9.6,291,8.1,10.8,0.099,3.5,2.8,*0.04,,,,,,,,,0.016,0.043,-,0.002,0.25,0.4,0.003,0.059,0.84,13.68,-,-,1.91,0.42,45.49,9.2,2.61,92.02,-,-16.8,-124,-,-,-,-,-,-,-,-,-,-,-,-,-,-,-,-,-,-,-,-,-,-,-
 8/18/2019,ASFT 4,NOAT,HEAT,67.47221,-162.07115,11.3,446.9,8.09,10.8,0.184,7,2.6,-,,,,,,,,,-,-,-,-,-,0.32,-,0.024,1.7,103,0.02,-,-,-,-,-,3.8,84.23,39.86,-16.9,-119,-,-,-,-,-,-,-,-,-,-,-,-,-,-,-,-,-,-,-,-,-,-,-
8/12/2016,Asik hyporheic branch outlet,NOAT,HEAT,-,-,-,-,-,-,0.029,1.8,1.6,*0.00,-,-,-,-,-,-,-,-,*0.004,0.096,-,*0.001,0.33,-,*0.000,-,1,10.15,-,-,1.41,0.23,55.51,11.9,-,-,,-,-,-,-,-,-,-,-,-,-,-,-,-,-,-,-,-,-,-,-,-,-,-,-,-
8/12/2016,Asik RT 2,NOAT,HEAT,-,-,-,-,-,-,0.019,1,1.8,*0.00,-,-,-,-,-,-,-,-,*0.005,0.089,-,*0.001,0.2,-,*0.000,-,0.94,9.36,-,-,1.4,0.21,39.87,11.5,-,-,,-,-,-,-,-,-,-,-,-,-,-,-,-,-,-,-,-,-,-,-,-,-,-,-,-
8/15/2016,CRT 1,NOAT,HEAT,67.568,-157.79575,11.9,365.8,7.52,10.5,0.15,5.2,2.9,*0.04,-,-,-,-,-,-,-,-,*0.004,0.002,-,0.002,0.2,0.28,0.003,0.016,0.78,12.19,-,-,0.87,0.04,61.1,11.93,-,115.92,39.87,-18.4,-137,-,-,-,-,-,-,-,-,-,-,-,-,-,-,-,-,-,-,-,-,-,-,-
6/10/2017,CRT 1,NOAT,HEAT,67.568,-157.79575,3.6,186.5,7.76,12.1,0.222,6.9,3.2,0.13,-,-,-,-,-,-,-,-,*0.001,*0.001,-,*0.001,0.23,0.25,0.008,0.012,0.36,2.45,-,-,0.33,0.14,18.67,2.51,5.55,46.03,11.44,-18.9,-139,-,-,-,-,-,-,-,-,-,-,-,-,-,-,-,-,-,-,-,-,-,-,-
8/21/2017,CRT 1,NOAT,HEAT,67.568,-157.79575,6.1,213.6,8,12,0.248,7.4,3.4,0.08,-,-,-,-,-,-,-,-,*0.007,*0.001,-,*0.001,0.2,0.2,0.003,0.007,0.18,10.84,-,-,0.61,0.04,36.13,6.07,6.41,77.22,18.7,-19,-140,-,-,-,-,-,-,-,-,-,-,-,-,-,-,-,-,-,-,-,-,-,-,-
6/14/2018,CRT 1,NOAT,HEAT,67.568,-157.79575,1,284.4,8.2,12.7,0.156,4.8,3.2,0.15,-,-,-,-,-,-,-,-,*0.007,*0.000,-,0.003,0.14,0.14,0.003,0.005,0.45,4.72,-,-,0.4,0.09,24.03,4.22,3.67,63.29,14.18,-,-,-,-,-,-,-,-,-,-,-,-,-,-,-,-,-,-,-,-,-,-,-,-,-
8/31/2018,CRT 1,NOAT,HEAT,67.568,-157.79575,2.8,340.8,8.4,12.2,0.28,8.4,3.3,0.2,-,-,-,-,-,-,-,-,*0.005,*0.000,-,0.002,0.22,0.19,*0.002,*0.002,0.29,11.99,-,-,0.38,0.05,31.95,6.88,7.47,59.38,17.27,-18.4,-136,-,-,-,-,-,-,-,-,-,-,-,-,-,-,-,-,-,-,-,-,-,-,-
6/5/2019,CRT 1,NOAT,HEAT,67.568,-157.79575,1.8,103,7.6,11.6,0.166,5,3.3,0.21,,,,,,,,,0.017,0.004,-,0.005,0.22,0.18,0.006,0.006,0.39,4.83,-,-,0.33,0.17,11.29,4.09,3.78,35.72,-,-18.6,-141,-,-,-,-,-,-,-,-,-,-,-,-,-,-,-,-,-,-,-,-,-,-,-
 8/22/2019,CRT 1,NOAT,HEAT,67.568,-157.79575,5.7,355,7.71,11.4,0.19,6.5,2.9,-,,,,,,,,,*0.005,*0.001,-,*0.001,0.2,0.22,*0.002,0.005,0.38,32.74,0.016,-,0.65,*0.03,55.69,20.44,5.58,90.36,27.52,-,-,-,-,-,-,-,-,-,-,-,-,-,-,-,-,-,-,-,-,-,-,-,-,-
8/15/2016,CRT 2,NOAT,HEAT,67.65484,-157.968,11,271.7,7.9,10.6,0.068,3.2,2.1,*0.02,-,-,-,-,-,-,-,-,*0.005,0.021,-,0.002,0.17,0.15,*0.001,0.003,0.32,1.39,-,-,0.83,0.14,61.45,8.68,-,98.61,44.34,-18.6,-140,-,-,-,-,-,-,-,-,-,-,-,-,-,-,-,-,-,-,-,-,-,-,-
6/10/2017,CRT 2,NOAT,HEAT,67.65484,-157.968,5.1,210.5,7.77,12.1,0.162,4.9,3.3,*0.05,-,-,-,-,-,-,-,-,*0.004,0.015,-,0.002,0.2,0.23,0.003,0.007,0.33,0.7,-,-,0.38,0.17,28.82,3.53,4.12,66.14,-,-19.9,-145,-,-,-,-,-,-,-,-,-,-,-,-,-,-,-,-,-,-,-,-,-,-,-
8/21/2017,CRT 2,NOAT,HEAT,67.65484,-157.968,7.3,251,7.9,11.5,0.185,6.5,2.8,*0.04,-,-,-,-,-,-,-,-,*0.006,0.012,-,*0.001,0.23,0.23,0.003,*0.002,0.3,1.34,-,-,0.89,0.07,50.7,6.6,5.73,111.42,34.99,-19.1,-141,-,-,-,-,-,-,-,-,-,-,-,-,-,-,-,-,-,-,-,-,-,-,-
6/14/2018,CRT 2,NOAT,HEAT,67.65484,-157.968,3.9,277.7,8.2,12,0.101,3.5,2.9,*0.04,-,-,-,-,-,-,-,-,*0.006,0.036,-,0.002,0.17,0.17,*0.001,0.004,0.45,0.95,-,-,0.47,0.18,34.61,4.5,2.7,86.58,24.61,-,-,-,-,-,-,-,-,-,-,-,-,-,-,-,-,-,-,-,-,-,-,-,-,-
8/31/2018,CRT 2,NOAT,HEAT,67.65484,-157.968,5.8,280.4,8.3,11.3,0.266,8.3,3.2,0.13,-,-,-,-,-,-,-,-,*0.006,0.025,-,0.002,0.3,0.28,*0.002,*0.002,0.43,1.68,-,-,0.51,0.15,46.92,5.92,7.12,91.81,32.82,-18.8,-139,-,-,-,-,-,-,-,-,-,-,-,-,-,-,-,-,-,-,-,-,-,-,-
6/5/2019,CRT 2,NOAT,HEAT,67.65484,-157.968,5.8,126,7.8,11.3,0.12,4,3,*0.03,,,,,,,,,*0.006,0.029,-,*0.001,0.23,0.29,0.003,0.007,0.31,0.78,-,-,0.29,0.2,21.78,2.76,2.99,48.63,-,-18.6,-142,-,-,-,-,-,-,-,-,-,-,-,-,-,-,-,-,-,-,-,-,-,-,-
 8/21/2019,CRT 2,NOAT,HEAT,67.65484,-157.968,8.9,297.6,8.02,10.3,0.127,5.3,2.4,-,,,,,,,,,*0.006,0.043,-,*0.001,0.25,0.25,*0.002,*0.001,0.53,2.5,0.013,-,0.78,0.12,66.28,8.36,4.24,141.21,42.46,-18.3,-135,-,-,-,-,-,-,-,-,-,-,-,-,-,-,-,-,-,-,-,-,-,-,-
9/15/2013,Cutler River,NOAT,ARCN,67.84507,-158.315743,4.7,258,8.62,13.4,0.123,3.9,3.1,-,-,3.7,52%,,1.5,16%,2.7,23%,*0.002,0.024,-,*0.000,-,-,-,-,0.41,9.58,*0.01,*0.00,0.59,0.19,39.43,8.34,-,-,-,-18.4,-142,-,-,-,-,-,-,-,-,-,-,-,-,-,-,-,-,-,-,-,-,-,-,-
8/15/2016,Cutler River,NOAT,HEAT,67.84507,-158.315743,11.7,250.8,8.01,10.5,0.032,1.6,2,*0.01,-,-,-,-,-,-,-,-,*0.005,0.009,-,0.003,0.12,0.08,*0.001,*0.000,0.3,4.65,-,-,0.77,0.2,46.17,9.79,-,85.3,32.82,-18.3,-137,-,-,-,-,-,-,-,-,-,-,-,-,-,-,-,-,-,-,-,-,-,-,-
6/10/2017,Cutler River,NOAT,HEAT,67.84507,-158.315743,5.6,211.4,-,12.1,0.153,4.8,3.2,0.1,-,-,-,-,-,-,-,-,*0.005,0.012,-,*0.001,0.18,0.23,0.003,0.014,0.34,0.72,-,-,0.37,0.18,27.13,3.45,3.97,66.51,14.37,-19.5,-142,-,-,-,-,-,-,-,-,-,-,-,-,-,-,-,-,-,-,-,-,-,-,-
8/21/2017,Cutler River,NOAT,HEAT,67.84507,-158.315743,6.9,240.4,8,12.2,0.09,3.4,2.7,*0.05,-,-,-,-,-,-,-,-,*0.006,0.019,-,*0.001,0.13,0.11,*0.002,*0.002,0.27,4.53,-,-,0.58,0.13,41.45,7.62,2.52,98.52,28.39,-19.1,-139,-,-,-,-,-,-,-,-,-,-,-,-,-,-,-,-,-,-,-,-,-,-,-
6/14/2018,Cutler River,NOAT,HEAT,67.84507,-158.315743,2.2,249.1,8.3,12.8,-,-,-,*0.01,-,-,-,-,-,-,-,-,*0.010,0.035,-,0.002,0.1,0.14,*0.002,0.009,0.48,1.99,-,-,0.49,0.2,15.52,4.47,1.88,67.31,15.5,-,-,-,-,-,-,-,-,-,-,-,-,-,-,-,-,-,-,-,-,-,-,-,-,-
8/31/2018,Cutler River,NOAT,HEAT,67.84507,-158.315743,6.2,268.4,8.3,11.3,0.232,7.4,3.1,0.1,-,-,-,-,-,-,-,-,*0.006,0.028,-,0.0063,0.28,0.26,0.003,*0.002,0.43,2.2,-,-,0.53,0.16,46.52,6.32,6.3,88.86,31.73,-19.1,-140,-,-,-,-,-,-,-,-,-,-,-,-,-,-,-,-,-,-,-,-,-,-,-
6/5/2019,Cutler River,NOAT,HEAT,67.84507,-158.315743,-,-,-,-,0.081,2.7,3,*0.06,,,,,,,,,*0.009,0.035,-,0.002,0.23,0.19,*0.002,0.027,0.37,2.08,-,-,0.36,0.27,16.86,3.41,1.75,46.61,-,-18.4,-139,-,-,-,-,-,-,-,-,-,-,-,-,-,-,-,-,-,-,-,-,-,-,-
7/21/2017,Kugruk River,BELA,BITE,65.567034,-162.927644,16.1,86.5,7.9,9.9,0.091,6.1,1.5,0.07,-,-,-,-,-,-,-,-,0.018,0.03,-,0.003,0.31,0.64,0.005,0.118,2.06,0.48,-,-,3.9,0.96,3.72,3.77,5.58,30.52,7.13,-,-,-,-,-,-,-,-,-,-,-,-,-,-,-,-,-,-,-,-,-,-,-,-,-
 8/21/2019,Cutler River,NOAT,HEAT,67.84507,-158.315743,8.7,256.3,8.06,10.3,0.066,2.9,2.3,-,,,,,,,,,*0.004,0.045,-,*0.001,0.16,0.15,*0.001,*0.001,0.44,6.07,0.013,-,0.73,0.16,46.45,9.27,2.16,79.62,32.44,-18.3,-134,-,-,-,-,-,-,-,-,-,-,-,-,-,-,-,-,-,-,-,-,-,-,-
6/11/2016,Cutler River at R44 Landing Strip,NOAT,ARCN,-,-,-,149.8,8.4,-,-,-,-,*0.00,-,-,-,-,-,-,-,-,*0.007,0.013,-,*0.000,0.06,0.07,*0.000,*0.001,0.26,5.36,-,-,0.45,0.15,15.06,6.63,0.95,61.22,29.16,-,-,-,-,-,-,-,-,-,-,-,-,-,-,-,-,-,-,-,-,-,-,-,-,-
8/6/2014,Easter Creek,GAAR,ARCN,68.12324,-154.12885,9.5,275.4,7.36,10.6,0.052,2.6,2,-,-,-,-,-,-,-,-,-,*0.002,0.032,-,*0.000,0.13,0.1,*0.001,*0.001,0.14,22.94,-,-,4.28,0.26,25.64,14.03,-,-,-,-,-,-,-,-,-,-,-,-,-,-,-,-,-,-,-,-,-,-,-,-,-,-,-,-
7/3/2015,Easter Creek,GAAR,ARCN,68.12324,-154.12885,-,-,-,-,-,-,-,-,-,-,-,-,-,-,-,-,-,-,-,-,-,0.12,-,0.004,-,-,-,-,-,-,-,-,0.92,-,-,-,-,-,-,-,-,-,-,-,-,-,-,-,-,-,-,-,-,-,-,-,-,-,-,-
8/22/2013,Elaroniluk Creek,KOVA,ARCN,67.0425,-159.834006,10.9,179,8.06,7.8,0.538,12.2,4.4,1.3,3.7,-,-,-,-,-,-,-,0.022,0.019,-,*0.001,0.38,-,0.009,-,0.36,3.66,0.03,*0.00,2.33,0.25,23.36,5.73,-,-,-,-17,-132.8,44.6,14.2,1.6,0.3,297.6,2160,0.4,1.2,0.6,-,1.3,146.4,-,-,-,-,44.5,-,2160,0.5,1088,1072,
6/27/2013,Eli River,NOAT,ARCN,67.732553,-162.420363,11,339,8.13,11,0.035,1.5,2.7,-,-,-,-,-,-,-,-,-,*0.000,0.043,-,*0.000,0.09,-,*0.001,-,1.27,20.04,0.02,*0.01,2.43,0.37,46.69,15.65,-,-,-,-17.5,-134.1,-,-,-,-,-,-,-,-,-,-,-,-,-,-,-,-,-,-,-,-,-,-,
6/12/2016,Eli River,NOAT,ARCN,67.71922,-161.92809,-,259.3,8.6,-,-,-,-,*0.00,-,-,-,-,-,-,-,-,*0.004,0.017,-,*0.000,0.04,0.07,*0.000,*0.000,1.49,21.23,-,-,3.12,0.37,22.53,15.99,0.76,62.83,30.77,-,-,-,-,-,-,-,-,-,-,-,-,-,-,-,-,-,-,-,-,-,-,-,-,-
6/22/2013,Espenberg River,BELA,ARCN,66.558444,-164.015751,10.2,183,7.12,9.1,0.592,14.3,4.1,0.44,3.9,4.7,47%,6%,2.3,17%,3.4,23%,*0.000,*0.000,-,*0.000,0.51,-,0.008,-,33.11,1.15,0.03,0.11,19.32,1.61,6.89,5.74,-,-,-,-16,-124,-,-,-,-,-,-,-,-,-,-,-,-,-,-,-,-,-,-,-,-,-,-,
6/23/2013,Fairhaven Ditch,BELA,ARCN,65.721457,-163.080761,15.4,54,7.12,11,0.673,15.4,4.4,1.2,3.8,-,-,-,-,-,-,-,*0.010,0.004,-,0.003,0.56,-,0.015,-,1.24,0.4,0.06,*0.01,3.06,0.31,3.7,3.13,-,-,-,-17.8,-134.2,-,-,-,-,-,-,-,-,-,-,-,-,-,-,-,-,-,-,-,-,-,-,
8/5/2014,Glacier River,GAAR,ARCN,67.34798,-150.67937,13.8,807,7.79,9.3,0.03,1.5,2,-,-,-,-,-,-,-,-,-,-,-,-,-,-,0.29,-,0.003,-,-,-,-,-,-,-,-,-,-,-,-,-,-,-,-,-,-,-,-,-,-,-,-,-,-,-,-,-,-,-,-,-,-,-,-
6/23/2013,Goodhope River,BELA,ARCN,65.798162,-163.619608,11.2,273,7.92,12.6,0.095,3.2,3,< 0.02,-,3.8,46%,3%,1.3,20%,2.6,22%,*0.003,0.026,-,0.002,0.15,-,0.015,-,3.24,8.12,0.02,*0.01,3.7,0.99,31.57,10.04,-,-,-,-18,-134.8,-,-,-,-,-,-,-,-,-,-,-,-,-,-,-,-,-,-,-,-,-,-,
8/7/2014,Hammond River,GAAR,ARCN,67.55306,-150.05061,9.8,582.2,-,10.5,0.013,0.9,1.4,-,-,-,-,-,-,-,-,-,*0.001,0.099,-,*0.000,0.17,0.16,*0.000,0.009,0.21,113.86,-,-,2.58,0.54,114.69,53.67,-,-,-,-,-,-,-,-,-,-,-,-,-,-,-,-,-,-,-,-,-,-,-,-,-,-,-,-
6/11/2017,HRT 2,KOVA,HEAT,67.30779,-158.4958,6.9,115.2,6.98,11.5,0.253,6.3,4,0.97,-,-,-,-,-,-,-,-,0.125,0.261,-,0.003,0.57,0.73,0.009,0.103,0.42,2.96,-,-,0.83,0.18,8.11,3.28,4.92,24,6.26,-18.2,-132,-,-,-,-,-,-,-,-,-,-,-,-,-,-,-,-,-,-,-,-,-,-,-
8/23/2017,HRT 2,KOVA,HEAT,67.30779,-158.4958,6.2,79,7.5,12.3,0.259,6.8,3.8,*0.06,-,-,-,-,-,-,-,-,0.021,0.256,-,0.002,0.45,0.65,0.003,0.064,0.33,2.39,-,-,0.84,0.1,7.74,3.15,5.4,30.72,6.32,-17.7,-129,-,-,-,-,-,-,-,-,-,-,-,-,-,-,-,-,-,-,-,-,-,-,-
7/21/2017,Humboldt Creek 1,BELA,ARCN,65.82739,-164.43665,13.9,285.1,8.2,10.1,0.03,1.7,1.8,*0.04,-,-,-,-,-,-,-,-,0.012,0.01,-,*0.001,0.09,0.06,*0.000,*0.002,3.21,8.49,-,-,2.5,0.24,26.18,6.69,1.18,78.16,22.15,-,-,-,-,-,-,-,-,-,-,-,-,-,-,-,-,-,-,-,-,-,-,-,-,-
7/21/2017,Humboldt Creek 2,BELA,ARCN,65.84696,-164.42686,16.6,272.5,8.3,9.9,0.04,2.3,1.8,*0.04,-,-,-,-,-,-,-,-,0.255,0.034,-,0.021,1.46,0.13,0.021,0.005,7.86,9.11,-,-,6.11,1.73,23.21,9.74,1.59,82.9,26.26,-,-,-,-,-,-,-,-,-,-,-,-,-,-,-,-,-,-,-,-,-,-,-,-,-
9/15/2013,Imelyak River,NOAT,ARCN,67.750837,-158.115207,4.9,311,-,13.6,0.1,3.3,3,-,-,-,-,-,-,-,-,-,*0.001,0.042,-,*0.000,0.19,-,*0.001,-,0.51,10.21,*0.01,*0.00,0.55,0.21,50.83,9.81,-,-,-,-19,-143,-,-,-,-,-,-,-,-,-,-,-,-,-,-,-,-,-,-,-,-,-,-,-
8/14/2016,Imelyak River,NOAT,HEAT,67.75648,-157.59784,12.2,328.5,7.74,10.2,0.025,1.5,1.6,*0.00,-,-,-,-,-,-,-,-,*0.004,0.081,-,*0.001,0.15,0.15,*0.000,*0.002,0.38,7.89,-,-,0.56,0.19,54.33,12.64,-,106.29,40.28,-19.2,-145,-,-,-,-,-,-,-,-,-,-,-,-,-,-,-,-,-,-,-,-,-,-,-
6/10/2017,Imelyak River,NOAT,HEAT,67.75648,-157.59784,4.9,298.5,8.05,12.2,0.044,1.9,2.4,*0.02,-,-,-,-,-,-,-,-,*0.007,0.039,-,*0.001,0.11,0.12,*0.001,*0.001,0.36,3.02,-,-,0.27,0.16,33.79,5.33,1.36,84.41,22.38,-19.6,-146,-,-,-,-,-,-,-,-,-,-,-,-,-,-,-,-,-,-,-,-,-,-,-
8/20/2017,Imelyak River,NOAT,HEAT,67.75648,-157.59784,8.4,356.7,7.9,11.8,0.044,2.7,1.6,*0.02,-,-,-,-,-,-,-,-,*0.007,0.082,-,*0.000,0.16,0.15,*0.001,*0.000,0.41,8.34,-,-,0.67,0.12,57.6,12.75,1.39,127.4,39.23,-19.2,-143,-,-,-,-,-,-,-,-,-,-,-,-,-,-,-,-,-,-,-,-,-,-,-
6/14/2018,Imelyak River,NOAT,HEAT,67.75648,-157.59784,3.8,401.4,8.3,11.8,-,-,-,*0.01,-,-,-,-,-,-,-,-,*0.009,0.118,-,0.002,0.16,0.17,*0.001,0.006,0.53,7.79,-,-,0.55,0.22,30.8,11.17,0.87,110.71,35.11,-,-,-,-,-,-,-,-,-,-,-,-,-,-,-,-,-,-,-,-,-,-,-,-,-
9/1/2018,Imelyak River,NOAT,HEAT,67.75648,-157.59784,5.5,443,8.1,11.4,0.141,5.1,2.8,*0.04,-,-,-,-,-,-,-,-,*0.005,0.044,-,0.002,0.25,0.23,*0.001,*0.001,0.73,7.19,-,-,0.38,0.18,57.84,7.36,4,122.55,39.02,-19,-141,-,-,-,-,-,-,-,-,-,-,-,-,-,-,-,-,-,-,-,-,-,-,-
6/5/2019,Imelyak River,NOAT,HEAT,67.75648,-157.59784,-,-,-,-,0.033,1.4,2.3,*0.00,,,,,,,,,*0.004,0.1,-,*0.001,0.24,0.22,*0.001,0.01,0.43,6.21,-,-,0.4,0.23,38.96,9.22,0.93,84.15,-,-19.1,-145,-,-,-,-,-,-,-,-,-,-,-,-,-,-,-,-,-,-,-,-,-,-,-
 8/21/2019,Imelyak River,NOAT,HEAT,67.75648,-157.59784,10.1,325.2,8.18,10.5,0.028,1.6,1.8,-,,,,,,,,,*0.005,0.141,-,*0.000,0.22,0.2,*0.001,*0.000,0.5,10.15,0.011,-,0.58,0.21,57.92,14.37,1.02,101.02,40.98,-19.7,-142,-,-,-,-,-,-,-,-,-,-,-,-,-,-,-,-,-,-,-,-,-,-,-
8/14/2016,IRT 1,NOAT,HEAT,67.73857,-157.3954,15.3,302.5,7.99,9.6,0.065,2.8,2.4,*0.01,-,-,-,-,-,-,-,-,*0.003,0.024,-,0.002,0.16,0.17,*0.000,*0.002,0.67,1.9,-,-,0.44,0.05,65.34,7.02,-,101.07,45.12,-19.1,-144,-,-,-,-,-,-,-,-,-,-,-,-,-,-,-,-,-,-,-,-,-,-,-
6/10/2017,IRT 1,NOAT,HEAT,67.73857,-157.3954,6.9,320.2,8.2,11.7,0.08,2.9,2.8,0.08,-,-,-,-,-,-,-,-,*0.008,0.019,-,0.002,0.17,0.14,0.006,*0.000,0.48,2.38,-,-,0.28,0.08,51.45,5.06,2.26,100.28,31.48,-20.2,-152,-,-,-,-,-,-,-,-,-,-,-,-,-,-,-,-,-,-,-,-,-,-,-
8/20/2017,IRT 1,NOAT,HEAT,67.73857,-157.3954,10.3,340,7.7,11.1,0.098,4.8,2,*0.01,-,-,-,-,-,-,-,-,*0.006,0.042,-,*0.001,0.22,0.18,*0.001,*0.001,0.79,1.66,-,-,0.43,0.05,71.45,6.27,2.74,119.62,43.33,-19.6,-145,-,-,-,-,-,-,-,-,-,-,-,-,-,-,-,-,-,-,-,-,-,-,-
6/14/2018,IRT 1,NOAT,HEAT,67.73857,-157.3954,5.8,291.4,8.3,11.6,0.063,2.7,2.3,*0.01,-,-,-,-,-,-,-,-,*0.004,0.073,-,*0.001,0.19,0.17,*0.001,*0.000,0.58,3.05,-,-,0.33,0.09,59.7,6.62,1.85,97.8,39.1,-,-,-,-,-,-,-,-,-,-,-,-,-,-,-,-,-,-,-,-,-,-,-,-,-
9/1/2018,IRT 1,NOAT,HEAT,67.73857,-157.3954,5.1,435.4,8.1,11.7,0.116,4.5,2.6,*0.04,-,-,-,-,-,-,-,-,*0.004,0.054,-,0.003,0.24,0.21,*0.002,*0.001,0.92,5.09,-,-,0.37,0.17,69.68,8.03,3.27,127.6,44.44,-18.8,-140,-,-,-,-,-,-,-,-,-,-,-,-,-,-,-,-,-,-,-,-,-,-,-
6/5/2019,IRT 1,NOAT,HEAT,67.73857,-157.3954,11.3,276,8.2,9.9,0.075,2.9,2.6,*0.01,,,,,,,,,*0.004,0.08,-,*0.001,0.24,0.26,*0.001,0.007,0.55,3.27,-,-,0.29,0.13,49.51,5.63,2.07,98.07,-,-19.6,-151,-,-,-,-,-,-,-,-,-,-,-,-,-,-,-,-,-,-,-,-,-,-,-
 8/21/2019,IRT 1,NOAT,HEAT,67.73857,-157.3954,9.2,358.6,8.23,10.6,0.095,4.1,2.3,-,,,,,,,,,*0.007,0.183,-,*0.000,0.39,0.37,*0.002,*0.001,1.58,5.26,0.013,-,0.5,0.09,76.25,9.03,2.91,140.31,49.33,-18.5,-138,-,-,-,-,-,-,-,-,-,-,-,-,-,-,-,-,-,-,-,-,-,-,-
8/20/2017,IRT 1 Seep,NOAT,HEAT,-,-,-,-,7.9,-,-,-,-,*0.02,-,-,-,-,-,-,-,-,*0.004,*0.001,-,*0.000,0.35,0.4,*0.002,0.005,0.44,0.27,-,-,0.36,0.08,25.38,5.18,9.03,114.5,-,-,-,-,-,-,-,-,-,-,-,-,-,-,-,-,-,-,-,-,-,-,-,-,-,-
8/14/2016,IRT 2,NOAT,HEAT,67.75801,-157.5947,11.6,333.8,7.56,10.3,0.113,4.8,2.4,*0.01,-,-,-,-,-,-,-,-,*0.004,0.019,-,0.002,0.24,0.24,*0.000,*0.001,0.43,2.2,-,-,0.31,0.07,68.53,4.82,-,99.84,42.78,-18.6,-141,-,-,-,-,-,-,-,-,-,-,-,-,-,-,-,-,-,-,-,-,-,-,-
6/10/2017,IRT 2,NOAT,HEAT,67.75801,-157.5947,8.2,269.9,8.1,11.3,0.086,3.1,2.8,*0.02,-,-,-,-,-,-,-,-,*0.007,0.003,-,*0.001,0.13,0.15,*0.000,*0.000,0.44,2.06,-,-,0.25,0.09,48.35,3.32,2.5,87.67,28.06,-19.9,-150,-,-,-,-,-,-,-,-,-,-,-,-,-,-,-,-,-,-,-,-,-,-,-
8/20/2017,IRT 2,NOAT,HEAT,67.75801,-157.5947,7.4,344.2,7.8,11.8,0.168,6.3,2.7,*0.03,-,-,-,-,-,-,-,-,*0.007,0.013,-,*0.001,0.26,0.26,*0.001,*0.002,0.57,3.03,-,-,0.29,0.06,62.72,4.68,4.89,113.06,38.95,-19.3,-141,-,-,-,-,-,-,-,-,-,-,-,-,-,-,-,-,-,-,-,-,-,-,-
6/14/2018,IRT 2,NOAT,HEAT,67.75801,-157.5947,4.5,340.2,8.2,11.7,0.078,3.4,2.3,*0.01,-,-,-,-,-,-,-,-,*0.009,0.031,-,*0.001,0.17,0.15,*0.000,*0.000,0.52,3.25,-,-,0.3,0.1,54.18,4.31,2.62,102.88,34.23,-,-,-,-,-,-,-,-,-,-,-,-,-,-,-,-,-,-,-,-,-,-,-,-,-
9/1/2018,IRT 2,NOAT,HEAT,67.75801,-157.5947,5.2,427.2,8,11.6,0.203,8,2.5,*0.03,-,-,-,-,-,-,-,-,*0.005,0.025,-,0.002,0.28,0.25,0.003,0.003,0.87,7.07,-,-,0.35,0.18,62.45,5.53,4.84,122.12,38.07,-12.1,-119,-,-,-,-,-,-,-,-,-,-,-,-,-,-,-,-,-,-,-,-,-,-,-
6/5/2019,IRT 2,NOAT,HEAT,67.75801,-157.5947,13.7,268,8.2,9.4,0.093,3.8,2.4,*0.01,,,,,,,,,*0.004,0.046,-,*0.001,0.27,0.23,*0.001,0.004,0.64,4.01,-,-,0.3,0.14,51.45,4.07,2.61,90,-,-19.7,-153,-,-,-,-,-,-,-,-,-,-,-,-,-,-,-,-,-,-,-,-,-,-,-
 8/21/2019,IRT 2,NOAT,HEAT,67.75801,-157.5947,10.5,345.7,8.13,10.4,0.126,5.3,2.4,-,,,,,,,,,*0.004,0.087,-,*0.000,0.33,0.29,*0.002,*0.000,1.44,9.1,0.015,-,0.45,0.1,75.54,6.84,3.65,112.13,44.09,-18.9,-137,-,-,-,-,-,-,-,-,-,-,-,-,-,-,-,-,-,-,-,-,-,-,-
8/8/2014,Itkillik River,GAAR,ARCN,68.1498,-150.24098,6.8,277.2,-,10.9,0.016,1,1.6,-,-,-,-,-,-,-,-,-,*0.001,0.065,-,*0.001,0.12,0.09,*0.001,-,0.16,12.62,-,-,4.62,0.48,29.98,8.07,-,-,-,-,-,-,-,-,-,-,-,-,-,-,-,-,-,-,-,-,-,-,-,-,-,-,-,-
7/15/2014,Jade Creek,CAKR,ARCN,67.42507,-163.78374,9.7,273.4,8.05,10.2,0.065,2.6,2.5,< 0.02,-,-,-,-,-,-,-,-,*0.001,0.058,-,*0.000,0.15,0.16,*0.000,*0.000,2.59,2.06,-,-,1.71,0.34,46.2,8.24,-,-,-,-,-,-,-,-,-,-,-,-,-,-,-,-,-,-,-,-,-,-,-,-,-,-,-,-
 7/25/2019,Jade Creek,CAKR,ARCN,67.424548,-163.785189,11.6,261.7,8.12,10.8,0.044,2.2,1.9,*0.06,,,,,,,,,*0.007,0.068,-,0.002,0.24,0.17,0.005,0.004,3.85,2.66,-,-,2.22,0.42,54.08,9.95,1.46,106.21,39.76,-,-,-,-,-,-,-,-,-,-,-,-,-,-,-,-,-,-,-,-,-,-,-,-,-
8/6/2014,John River,GAAR,ARCN,67.15272,-151.83421,15.1,493.9,-,9.4,0.024,1.3,1.8,-,-,-,-,-,-,-,-,-,*0.002,0.066,-,*0.000,0.16,0.16,*0.000,0.005,0.19,54.05,-,-,3.16,0.37,69.66,28.76,-,-,-,-,-,-,-,-,-,-,-,-,-,-,-,-,-,-,-,-,-,-,-,-,-,-,-,-
7/23/2017,John River,GAAR,ARCN,67.15272,-151.83421,13.1,828.7,8.3,10.4,0.059,2.7,2.2,0.07,-,-,-,-,-,-,-,-,0.022,0.094,-,*0.001,0.22,0.2,*0.000,0.012,0.35,78.11,-,-,4.46,0.46,64.88,42.41,1.98,104.86,25.47,-,-,-,-,-,-,-,-,-,-,-,-,-,-,-,-,-,-,-,-,-,-,-,-,-
8/21/2013,Kaliguricheark River,KOVA,ARCN,67.192811,-159.273681,6.2,93,7.83,8.4,0.035,1.4,2.5,-,-,-,-,-,-,-,-,-,*0.001,0.145,-,*0.000,-,-,-,-,0.21,4.87,0.02,*0.00,0.64,0.16,13.74,2.08,-,-,-,-17.6,-134.4,4.1,5.9,-,-,55,325,-,0.7,-,0.4,0.2,73.7,-,-,-,-,15.1,-,325,0.26,85,240,
7/22/2017,Kaliguricheark River,KOVA,ARCN,67.20177,-159.26712,11,133.3,7.7,10.9,0.022,1.2,1.9,0.13,-,-,-,-,-,-,-,-,0.013,0.169,-,*0.001,0.23,0.19,*0.000,*0.001,0.31,4.99,-,-,0.75,0.17,12.91,2.06,0.7,29.41,7.34,-,-,-,-,-,-,-,-,-,-,-,-,-,-,-,-,-,-,-,-,-,-,-,-,-
 7/23/2019,Kaliguricheark River,KOVA,ARCN,67.192208,-159.274675,12.3,90.4,7.26,10.7,0.024,1,2.3,*0.06,,,,,,,,,*0.007,0.264,-,*0.000,0.35,0.32,*0.001,*0.002,0.36,7.44,-,-,0.71,0.19,16.43,2.74,0.72,29.86,7.59,-,-,-,-,-,-,-,-,-,-,-,-,-,-,-,-,-,-,-,-,-,-,-,-,-
8/22/2013,Kallarichuk River,KOVA,ARCN,67.105595,-159.740611,6.7,90,8.5,8.5,-,-,-,-,-,-,-,-,-,-,-,-,*0.000,0.021,-,*0.000,-,-,-,-,0.24,3.53,0.02,*0.00,0.63,0.13,12.53,2.74,-,-,-,-18.2,-136.4,3.6,4.1,0.1,-,28.4,239.9,-,0.6,-,-,0.1,50.3,-,-,-,-,17.3,-,239.9,0.38,92,147.7,
6/28/2013,Kaluktavik River,NOAT,ARCN,67.945251,-160.957065,8.4,178,-,-,0.035,1.8,2,-,-,-,-,-,-,-,-,-,*0.001,0.049,-,*0.000,0.09,-,*0.001,-,0.2,14.81,0.02,*0.00,1.44,0.22,21.47,6.88,-,-,-,-19,-143.4,-,-,-,-,-,-,-,-,-,-,-,-,-,-,-,-,-,-,-,-,-,-,
8/20/2013,Kavet Creek,KOVA,ARCN,67.128177,-159.033914,11.4,283,8.42,6,0.074,3.3,2.3,-,-,-,-,-,-,-,-,-,0.023,0.073,-,*0.000,0.24,-,0.004,-,0.34,0.18,0.02,*0.00,1.87,0.32,51.77,6.2,-,-,-,-18.1,-140.8,3.9,10.8,0.7,-,70.9,505.5,0.3,0.4,0.1,-,1.2,115.7,-,-,-,-,58.3,-,505.5,0.24,119,386.6,
7/22/2017,Kavet Creek,KOVA,ARCN,67.128177,-159.033914,15.2,279.1,7.7,10.3,0.059,2.7,2.1,*0.05,-,-,-,-,-,-,-,-,0.048,0.034,-,0.002,0.18,0.15,*0.001,0.024,0.39,0.14,-,-,1.93,0.31,24.01,5.97,2.01,107.29,37.54,-,-,-,-,-,-,-,-,-,-,-,-,-,-,-,-,-,-,-,-,-,-,-,-,-
 7/23/2019,Kavet Creek,KOVA,ARCN,67.128177,-159.033914,18.7,181.8,7.82,8.5,0.087,3.3,2.6,0.41,,,,,,,,,0.063,0.053,-,0.003,0.26,0.36,0.017,0.107,0.43,0.18,-,-,2.01,0.4,52.03,6.28,2.69,106.12,38.87,-,-,-,-,-,-,-,-,-,-,-,-,-,-,-,-,-,-,-,-,-,-,-,-,-
6/27/2013,Kelly River,NOAT,ARCN,67.986311,-162.324416,8,287,7.89,12.5,0.016,0.9,1.8,-,-,-,-,-,-,-,-,-,*0.001,0.046,-,*0.000,0.06,-,*0.001,-,0.44,16.76,0.03,*0.00,2.56,0.32,49.65,8.21,-,-,-,-17.9,-136.5,-,-,-,-,-,-,-,-,-,-,-,-,-,-,-,-,-,-,-,-,-,-,
3/24/2014,Kelly River,NOAT,ARCN,67.986311,-162.324416,0,284.3,7.66,11.5,0.015,0.9,1.6,< 0.02,-,2.8,25%,32%,-,,2.6,20%,*0.000,0.157,*0.000,*0.000,0.2,-,0.004,-,0.8,11.82,0.02,*0.00,1.89,0.23,40.83,14.49,-,80.95,32.54,-,-,-,-,-,-,-,-,-,-,-,-,-,-,-,-,-,-,-,-,-,-,-,-,-
9/7/2018,Kelly River,NOAT,ARCN,68.080002,-162.322496,-,-,-,-,0.017,1.1,1.7,*0.03,-,-,-,-,-,-,-,-,*0.005,0.017,-,0.003,0.07,0.03,*0.000,*0.001,1.18,35.97,-,-,4.52,0.44,69.9,14.51,0.55,-,-,-,-,-,-,-,-,-,-,-,-,-,-,-,-,-,-,-,-,-,-,-,-,-,-,-
7/15/2014,Kilikmak Creek,CAKR,ARCN,67.34982,-163.73915,11.4,287.2,8.17,9.3,0.063,2.6,2.5,< 0.02,-,3.2,39%,-,1.2,24%,2.2,23%,*0.000,0.097,-,*0.000,0.21,0.13,*0.000,*0.001,7.23,1.28,-,-,3.52,0.38,49.87,9.58,-,-,-,-,-,-,-,-,-,-,-,-,-,-,-,-,-,-,-,-,-,-,-,-,-,-,-,-
 7/22/2019,Kilikmak Creek,CAKR,ARCN,67.34982,-163.73915,13.3,255,7.95,9.8,0.065,3.1,2.1,*0.04,,,,,,,,,*0.010,0.063,-,*0.001,0.22,0.17,*0.002,0.005,7.69,1.4,0.029,-,3.85,0.45,*0.00,9.95,2.17,113.59,37.69,-,-,-,-,-,-,-,-,-,-,-,-,-,-,-,-,-,-,-,-,-,-,-,-,-
8/6/2014,Killik River,GAAR,ARCN,68.15578,-154.1588,8.4,238,-,10.9,0.031,1.6,1.9,-,-,2.6,41%,-,-,-,-,-,*0.002,0.017,-,*0.000,0.07,0.04,*0.000,*0.000,0.09,9.45,-,-,1.48,0.15,15.91,5.28,-,-,-,-,-,-,-,-,-,-,-,-,-,-,-,-,-,-,-,-,-,-,-,-,-,-,-,-
7/3/2015,Killik River,GAAR,ARCN,68.15578,-154.1588,-,-,-,-,-,-,-,-,-,-,-,-,-,-,-,-,-,-,-,-,-,0.12,-,0.003,-,-,-,-,-,-,-,-,0.88,-,-,-,-,-,-,-,-,-,-,-,-,-,-,-,-,-,-,-,-,-,-,-,-,-,-,-
6/22/2013,Killuk River,BELA,ARCN,66.562243,-164.411521,13.5,138,7.08,10.1,0.226,6,3.8,0.19,3.5,4.4,52%,6%,2.3,17%,2.9,19%,*0.004,0.007,-,*0.000,0.18,-,0.003,-,22.01,0.62,0.04,0.07,14.42,1.26,5.27,4.23,-,-,-,-13.9,-109.2,-,-,-,-,-,-,-,-,-,-,-,-,-,-,-,-,-,-,-,-,-,-,
3/25/2014,Killuk River,BELA,ARCN,66.562243,-164.411521,frozen,-,-,-,0.124,4.5,2.8,< 0.02,-,-,-,-,-,-,-,-,0.321,0.007,0.007,0.004,0.58,-,0.009,-,"1,422.84",60.07,0.06,6.58,691.93,27.17,32.94,102.23,-,37.45,-,-,-,-,-,-,-,-,-,-,-,-,-,-,-,-,-,-,-,-,-,-,-,-,-,-
7/21/2017,Killuk River,BELA,ARCN,66.562243,-164.411521,14.3,625.4,8,9.3,0.682,18.6,3.7,0.64,-,-,-,-,-,-,-,-,0.076,0.032,-,0.016,0.61,0.61,0.022,0.04,102.95,1.3,-,-,59.47,2.64,11.22,10.9,16.27,58.77,13.7,-,-,-,-,-,-,-,-,-,-,-,-,-,-,-,-,-,-,-,-,-,-,-,-,-
8/20/2013,Kobuk River at Kavet Creek,KOVA,ARCN,67.12997,-159.03638,14.9,210,8.42,6.7,0.049,2.2,2.2,-,-,-,-,-,-,-,-,-,*0.003,0.052,-,*0.000,0.14,-,*0.001,-,0.22,5.69,0.04,*0.01,0.97,0.57,33.92,4.86,-,-,-,-18.7,-144.6,8.4,6.6,-,-,93.1,379,-,0.5,0.4,-,0.5,117.8,-,-,-,-,23.3,-,379,0.15,58,321,
3/24/2014,Kobuk River downstream of Kiana,KOVA,ARCN,66.94345,-160.29672,1,311.9,7.25,7,0.031,1.5,2,0.02,-,3.1,31%,23%,-,24%,2.5,17%,0.021,0.261,0.002,*0.000,0.33,-,*0.000,-,0.44,6.82,0.04,*0.00,1.34,0.43,34.28,6.83,-,80.54,26.47,-,-,-,-,-,-,-,-,-,-,-,-,-,-,-,-,-,-,-,-,-,-,-,-,-
8/7/2014,Kobuk River Headwaters,GAAR,ARCN,67.23957,-154.06416,7.4,170.6,-,11.7,0.014,0.9,1.5,-,-,2.6,28%,-,-,-,-,-,*0.000,0.184,-,*0.000,0.27,0.22,*0.000,*0.000,0.19,3.85,-,-,0.4,1.14,33.85,3.38,-,-,-,-,-,-,-,-,-,-,-,-,-,-,-,-,-,-,-,-,-,-,-,-,-,-,-,-
7/13/2015,Kobuk River near Kiana,KOVA,ARCN,67.23957,-154.06416,17.7,198.3,8.19,7.7,0.043,1.9,2.3,-,-,-,-,-,-,-,-,-,*0.002,-,-,*0.001,0.21,0.19,*0.000,0.004,0.29,6.61,-,-,1.17,0.45,31.75,5.53,-,-,-,-,-,-,-,-,-,-,-,-,-,-,-,-,-,-,-,-,-,-,-,-,-,-,-,-
7/13/2015,Kobuk River near Kiana,KOVA,ARCN,67.23957,-154.06416,17.7,198.3,8.19,7.7,0.039,1.8,2.2,-,-,-,-,-,-,-,-,-,*0.002,-,-,*0.001,0.21,0.19,*0.000,0.004,0.29,6.61,-,-,1.17,0.45,31.75,5.53,-,-,-,-,-,-,-,-,-,-,-,-,-,-,-,-,-,-,-,-,-,-,-,-,-,-,-,-
8/23/2013,Kobuk River upstream of Kiana,KOVA,ARCN,66.94345,-160.29672,11,201,-,6.9,0.043,1.8,2.4,-,-,-,-,-,-,-,-,-,*0.001,0.077,-,*0.000,-,-,-,-,0.25,8.52,0.04,*0.00,0.97,0.46,31.14,5.96,-,-,-,-18.7,-142.3,10.2,4.8,0.2,-,39.5,350.9,-,0.7,0.3,-,0.2,112.8,-,-,-,-,21.6,-,350.9,0.16,56,294.6,
6/10/2016,Lower Pish River,BELA,ARCN,66.10625,-164.07552,-,-,-,-,0.36,10.1,3.6,0.26,-,-,-,-,-,-,-,-,*0.003,0.01,-,0.003,0.45,0.32,0.008,0.013,4.41,1.14,-,-,3.19,0.37,7.52,2.37,8.97,,5.92,-15.4,-116,-,-,-,-,-,-,-,-,-,-,-,-,-,-,-,-,-,-,-,-,-,-,-
9/16/2013,Makpik River,NOAT,ARCN,68.060241,-158.641459,2.2,104,-,6.6,0.169,5,3.4,< 0.02,-,3.9,58%,-,-,14%,2.5,22%,*0.002,0.004,-,*0.000,0.19,-,*0.001,-,0.21,5.37,0.03,*0.00,0.6,0.15,8.55,6.92,-,-,-,-18.5,-141.2,-,-,-,-,-,-,-,-,-,-,-,-,-,-,-,-,-,-,-,-,-,-,-
8/7/2014,Middle Fork Koyukuk River,GAAR,ARCN,67.07641,-150.54996,12,525,-,10,-,1.5,-,-,-,-,-,-,-,-,-,-,*0.001,0.112,-,*0.000,0.19,0.16,*0.000,*0.002,0.29,49.53,-,-,2.46,0.47,59.83,26.81,-,-,-,-,-,-,-,-,-,-,-,-,-,-,-,-,-,-,-,-,-,-,-,-,-,-,-,-
6/28/2013,Nakolik River,NOAT,ARCN,67.874142,-160.751908,11.8,398,7.26,-,0.058,2.2,2.6,-,-,-,-,-,-,-,-,-,*0.003,0.056,-,*0.000,0.14,-,*0.000,-,0.35,29.44,*0.01,*0.00,1.29,0.29,47.15,18.65,-,-,-,-18.4,-139,-,-,-,-,-,-,-,-,-,-,-,-,-,-,-,-,-,-,-,-,-,-,
9/16/2013,Nanielik Creek,NOAT,ARCN,68.010349,-158.771087,1.8,606,-,-,0.054,2.6,2.1,< 0.02,-,2.8,43%,8%,1.1,17%,2.4,20%,*0.000,0.022,-,*0.000,0.11,-,*0.001,-,0.44,59.23,0.02,*0.00,1.5,0.37,82.95,23.84,-,-,-,-19,-146.2,-,-,-,-,-,-,-,-,-,-,-,-,-,-,-,-,-,-,-,-,-,-,-
7/15/2014,New Heart Creek,CAKR,ARCN,67.60598,-164.10596,11,377,7.93,8.7,0.13,4.7,2.7,0.03,-,-,-,-,-,-,-,-,*0.006,0.013,-,*0.001,0.14,0.14,*0.000,*0.001,41.77,13.36,-,-,19.49,1.01,61.89,6.44,-,-,-,-,-,-,-,-,-,-,-,-,-,-,-,-,-,-,-,-,-,-,-,-,-,-,-,-
 7/25/2019,New Heart Creek,CAKR,ARCN,67.60598,-164.10596,13.2,354.3,7.96,10,0.135,5.7,2.4,0.08,,,,,,,,,*0.004,0.005,-,*0.001,0.21,0.18,*0.001,0.003,8.95,24.01,-,-,2.51,0.43,75.13,7.07,4.42,118.84,35.83,-,-,-,-,-,-,-,-,-,-,-,-,-,-,-,-,-,-,-,-,-,-,-,-,-
8/21/2013,Nigeruk Creek,KOVA,ARCN,67.182713,-159.301737,10.4,86,7.31,6.4,1.199,25.5,4.7,3.4,3.8,-,-,-,-,-,-,-,0.015,0.008,-,0.002,0.7,-,0.017,-,0.15,0.06,0.02,*0.00,0.87,0.14,14.45,2.56,-,-,-,-16.6,-131.9,84.3,23.5,2,0.4,251.2,3930.9,1.3,2,0.7,0.3,3.5,27.5,-,-,-,-,17.7,-,3931,0.55,2173,1758,
7/22/2017,Nigeruk Creek,KOVA,ARCN,67.182713,-159.301737,14.3,178.6,7.2,4.3,0.686,14.5,4.7,0.16,-,-,-,-,-,-,-,-,0.079,0.027,-,*0.000,0.51,0.46,*0.001,0.021,0.41,0.28,-,-,1.18,0.33,21.71,3.73,12.44,71.19,23.14,-,-,-,-,-,-,-,-,-,-,-,-,-,-,-,-,-,-,-,-,-,-,-,-,-
6/28/2013,Nimiuktuk River,NOAT,ARCN,68.149537,-159.948028,6.3,324,7.5,6.9,0.017,0.9,2,-,-,-,-,-,-,-,-,-,*0.001,0.074,-,*0.000,0.11,-,*0.001,-,0.24,36.33,0.03,0.06,3.99,0.47,41.04,11,-,-,-,-19.9,-149.5,-,-,-,-,-,-,-,-,-,-,-,-,-,-,-,-,-,-,-,-,-,-,
6/27/2013,Noatak River,NOAT,ARCN,67.92345,-162.29388,14.1,252,7.99,9.3,0.066,2.2,3,-,-,-,-,-,-,-,-,-,*0.001,0.039,-,*0.000,0.13,-,*0.001,-,0.25,18.4,0.03,*0.00,1.86,0.37,36.36,8.68,-,-,-,-19.2,-148,-,-,-,-,-,-,-,-,-,-,-,-,-,-,-,-,-,-,-,-,-,-,
3/24/2014,Noatak River,NOAT,ARCN,67.92345,-162.29388,0,360,7.45,10.3,0.028,1.6,1.8,< 0.02,-,2.6,24%,35%,-,24%,2.2,15%,0.025,0.217,0.002,*0.001,0.44,-,0.006,-,4.04,18.53,0.05,0.08,3.39,0.54,37.64,16.16,-,114.78,41.85,-,-,-,-,-,-,-,-,-,-,-,-,-,-,-,-,-,-,-,-,-,-,-,-,-
7/11/2015,Noatak River at Matcharak,GAAR,ARCN,-,-,-,-,-,-,0.023,1.7,1.3,*0.00,-,-,-,-,-,-,-,-,*0.001,0.069,-,0.004,0.13,0.13,0.003,0.009,0.25,40.89,-,-,1.03,0.7,53.49,22.23,0.68,-,-,-,-,-,-,-,-,-,-,-,-,-,-,-,-,-,-,-,-,-,-,-,-,-,-,-
7/13/2015,Noatak River near Kelly R,NOAT,ARCN,67.92345,-162.29388,16.2,273,8.25,7.4,0.032,1.6,2,-,-,-,-,-,-,-,-,-,*0.001,-,-,*0.000,0.13,0.15,*0.000,0.003,0.29,20.9,-,-,2.07,0.46,41.32,11.04,-,-,-,-,-,-,-,-,-,-,-,-,-,-,-,-,-,-,-,-,-,-,-,-,-,-,-,-
7/13/2015,Noatak River near Kelly R,NOAT,ARCN,67.92345,-162.29388,16.2,273,8.25,7.4,0.032,1.6,2,-,-,-,-,-,-,-,-,-,*0.001,-,-,*0.000,0.13,0.15,*0.000,0.003,0.29,20.9,-,-,2.07,0.46,41.32,11.04,-,-,-,-,-,-,-,-,-,-,-,-,-,-,-,-,-,-,-,-,-,-,-,-,-,-,-,-
9/8/2018,Noatak River near Kelly R,NOAT,ARCN,67.92345,-162.29388,8.1,695.1,-,11.7,0.088,3.9,2.2,0.12,-,-,-,-,-,-,-,-,*0.005,0.043,-,0.002,0.17,0.15,*0.000,0.052,0.54,32.19,-,-,2.17,0.41,48.38,15.88,2.72,-,-,-,-,-,-,-,-,-,-,-,-,-,-,-,-,-,-,-,-,-,-,-,-,-,-,-
8/5/2014,North Fork Koyukuk River,GAAR,ARCN,67.30995,-150.7075,14.3,536.4,6.85,9,0.039,1.8,2.1,-,-,2.7,36%,-,-,-,1.9,22%,*0.001,0.106,-,*0.000,0.2,0.16,*0.001,*0.002,0.19,63.97,-,-,3.71,0.56,67.07,33,-,-,-,-,-,-,-,-,-,-,-,-,-,-,-,-,-,-,-,-,-,-,-,-,-,-,-,-
7/23/2017,North Fork Koyukuk River,GAAR,ARCN,67.30995,-150.7075,11.5,780.1,8.2,10.7,0.04,2,1.9,*0.05,-,-,-,-,-,-,-,-,0.023,0.107,-,*0.001,0.2,0.16,*0.000,0.008,0.27,68.2,-,-,5.45,0.52,69.89,29.96,1.39,98.37,23.47,-,-,-,-,-,-,-,-,-,-,-,-,-,-,-,-,-,-,-,-,-,-,-,-,-
 7/24/2019,North Fork Koyukuk River,GAAR,ARCN,67.575843,-151.062282,14,440.7,8.13,9.9,0.014,1,1.5,*0.04,,,,,,,,,*0.009,0.142,-,*0.001,0.22,0.19,*0.001,0.011,0.27,90.28,-,-,6.76,0.71,80.93,42.99,0.58,103.5,26.85,-,-,-,-,-,-,-,-,-,-,-,-,-,-,-,-,-,-,-,-,-,-,-,-,-
6/21/2013,Noxapaga River,BELA,ARCN,65.520917,-164.161447,19.6,159,8.03,9.9,0.242,6.7,3.6,-,-,-,-,-,-,-,-,-,*0.005,0.018,-,0.004,0.28,-,0.024,-,1.99,1.5,0.04,*0.01,2.53,0.69,21.65,5.48,-,-,-,-17,-130,-,-,-,-,-,-,-,-,-,-,-,-,-,-,-,-,-,-,-,-,-,-,
6/10/2019,Eli Creek 1,NOAT,BITE,67.811506,-161.861266,7.3,400,7.9,11,0.038,1.7,2.2,*0.05,,,,,,,,,*0.008,0.101,-,*0.001,0.18,-,*0.002,-,0.76,35.9,0.082,-,0.94,0.37,54.97,15.21,-,-,-,-,-,-,-,-,-,-,-,-,-,-,-,-,-,-,-,-,-,-,-,-,-,-,-,-
6/10/2019,Eli Creek 2,NOAT,BITE,67.802831,-161.866865,7.7,411,8,10.6,0.037,1.7,2.1,*0.04,,,,,,,,,0.011,0.078,-,*0.000,0.16,-,*0.001,-,0.76,35.42,0.083,-,0.89,0.35,56.75,15.44,-,-,-,-,-,-,-,-,-,-,-,-,-,-,-,-,-,-,-,-,-,-,-,-,-,-,-,-
6/10/2019,ERBP1 Pond 2,NOAT,BITE,67.805323,-161.864649,9.9,351,8.1,11.7,0.017,0.9,1.9,*0.01,,,,,,,,,*0.004,0.058,-,*0.001,0.12,-,*0.002,-,0.82,31.97,0.081,-,0.92,0.24,71.26,16.93,-,-,-,-,-,-,-,-,-,-,-,-,-,-,-,-,-,-,-,-,-,-,-,-,-,-,-,-
6/12/2019,KRBP18 Downstream,NOAT,BITE,67.93846,-162.578152,13.2,248,8.2,11.1,0.053,2.2,2.4,-,,,,,,,,,-,0.11,-,-,-,0.27,-,0.007,0.61,11,0.047,-,-,-,-,-,1.39,100.88,-,-,-,-,-,-,-,-,-,-,-,-,-,-,-,-,-,-,-,-,-,-,-,-,-,-
6/12/2019,KRBP18 Pond,NOAT,BITE,67.938764,-162.577875,13.5,248,8.2,11,0.055,2.2,2.5,-,,,,,,,,,-,0.11,-,-,-,0.23,-,0.011,0.61,11,0.048,-,-,-,-,-,1.65,96.84,-,-,-,-,-,-,-,-,-,-,-,-,-,-,-,-,-,-,-,-,-,-,-,-,-,-
6/12/2019,KRBP18 Upstream,NOAT,BITE,67.947139,-162.553945,11.9,233,8.2,10.5,0.038,1.8,2.1,-,,,,,,,,,-,0.84,-,-,-,0.2,-,0.004,0.6,11,0.045,-,-,-,-,-,1.1,92.2,-,-,-,-,-,-,-,-,-,-,-,-,-,-,-,-,-,-,-,-,-,-,-,-,-,-
6/12/2019,Kugururok River,NOAT,BITE,68.279081,-161.455131,-,-,-,-,0.026,1.5,1.7,*0.00,,,,,,,,,0.011,0.045,-,*0.001,0.11,-,*0.002,-,0.66,39.77,0.069,-,3.93,0.45,53.14,13.03,-,-,-,-,-,-,-,-,-,-,-,-,-,-,-,-,-,-,-,-,-,-,-,-,-,-,-,-
6/12/2019,RCBP4 Downstream,CAKR,BITE,67.481447,-163.675645,8.9,141,7.9,11.8,0.059,2.8,2.1,*0.06,,,,,,,,,0.012,0.043,-,*0.001,0.16,-,*0.001,-,1.68,1.55,0.041,-,1.6,0.28,19,5.99,-,-,-,-,-,-,-,-,-,-,-,-,-,-,-,-,-,-,-,-,-,-,-,-,-,-,-,-
6/12/2019,RCBP4 Pond 1,CAKR,BITE,67.482256,-163.675693,7.2,160,7.4,10.8,0.021,1.6,1.3,*0.03,,,,,,,,,0.019,0.128,-,*0.001,0.21,-,*0.001,-,1.99,1.54,0.036,-,1.56,0.28,22.77,5.2,-,-,-,-,-,-,-,-,-,-,-,-,-,-,-,-,-,-,-,-,-,-,-,-,-,-,-,-
6/12/2019,RCBP4 Upstream,CAKR,BITE,67.48239,-163.679281,9.5,143,7.9,11.7,0.061,2.7,2.3,*0.06,,,,,,,,,*0.010,0.039,-,*0.001,0.17,-,*0.002,-,1.66,1.54,0.039,-,1.59,0.28,18.69,5.98,-,-,-,-,-,-,-,-,-,-,-,-,-,-,-,-,-,-,-,-,-,-,-,-,-,-,-,-
6/12/2019,WCBP1 Inlet,NOAT,BITE,68.312526,-162.691475,11.7,254,7.8,9.9,0.045,2.5,1.8,*0.00,,,,,,,,,0.038,0.041,-,0.004,0.23,-,0.011,-,0.99,13.25,0.041,-,2.7,0.38,32.17,5.21,-,-,-,-,-,-,-,-,-,-,-,-,-,-,-,-,-,-,-,-,-,-,-,-,-,-,-,-
6/12/2019,WCBP1 Pond 2,NOAT,BITE,68.311408,-162.691287,11.5,261,7.9,10.4,0.023,1.7,1.3,-,,,,,,,,,-,0.078,-,-,-,0.12,-,0.013,0.82,41,0.041,-,-,-,-,-,0.62,86.55,-,-,-,-,-,-,-,-,-,-,-,-,-,-,-,-,-,-,-,-,-,-,-,-,-,-
6/10/2016,Nugnugaluktuk Headwaters,BELA,ARCN,-,-,-,-,-,-,0.38,10.2,3.7,0.88,-,-,-,-,-,-,-,-,0.012,0.033,-,0.003,0.51,0.48,0.016,0.018,8.39,0.07,-,-,4.65,0.51,6.47,3.34,8.79,,6.91,-12.1,-96,-,-,-,-,-,-,-,-,-,-,-,-,-,-,-,-,-,-,-,-,-,-,-
6/23/2013,Nugnugaluktuk River,BELA,ARCN,66.198227,-164.249315,17.8,569,6.82,8.2,0.859,18.4,4.7,0.48,4.5,-,-,-,-,-,-,-,*0.008,*0.000,-,*0.001,0.56,-,0.013,-,159.86,5.36,0.05,0.54,85.16,3.87,7.5,11.53,-,-,-,-15.5,-120.7,-,-,-,-,-,-,-,-,-,-,-,-,-,-,-,-,-,-,-,-,-,-,
 7/22/2019,RCBP4 Pond 1,CAKR,BITE,67.482082,-163.67568,10.1,139.1,7.4,10.1,0.023,1.4,1.7,*0.03,,,,,,,,,*0.007,0.162,-,*0.001,0.29,0.24,*0.002,0.003,2.31,1.78,0.035,-,1.64,0.3,25.35,5.77,1.02,71.42,20.36,-,-,-,-,-,-,-,-,-,-,-,-,-,-,-,-,-,-,-,-,-,-,-,-,-
3/25/2014,Nugnugaluktuk River,BELA,ARCN,66.198227,-164.249315,frozen,-,-,-,0.087,5.2,1.7,< 0.02,-,-,-,-,-,-,-,-,0.106,0.013,0.009,*0.001,0.24,-,0.003,-,301.36,14.19,0.03,1.3,136.15,6.31,7.94,20.92,-,-,-,-,-,-,-,-,-,-,-,-,-,-,-,-,-,-,-,-,-,-,-,-,-,-,-,-
7/21/2017,Nugnugaluktuk River,BELA,ARCN,66.198227,-164.249315,17.7,627,7.5,7.9,1.005,26.1,3.9,0.34,-,-,-,-,-,-,-,-,0.073,*0.000,-,0.006,0.8,1.13,0.013,0.154,142.7,4.44,-,-,75.53,3.37,7.72,11.92,23.37,24.13,4.15,-,-,-,-,-,-,-,-,-,-,-,-,-,-,-,-,-,-,-,-,-,-,-,-,-
7/15/2014,Omikviorok River,CAKR,ARCN,67.68031,-164.10309,6.3,201,7.71,10.7,0.029,1.4,2.1,< 0.02,-,2.5,32%,-,-,-,1.6,19%,*0.006,0.093,-,*0.001,0.15,0.15,*0.000,*0.001,1.76,1.39,-,-,1.27,0.26,41.69,3.71,-,-,-,-,-,-,-,-,-,-,-,-,-,-,-,-,-,-,-,-,-,-,-,-,-,-,-,-
6/10/2016,Pish Headwaters,BELA,ARCN,-,-,-,-,-,-,0.149,4.4,3.4,0.07,-,-,-,-,-,-,-,-,*0.007,0.104,-,0.002,0.46,0.22,0.005,0.006,3.1,2.2,-,-,3.7,0.81,10.08,1.96,3.3,,7.79,-12.1,-119,-,-,-,-,-,-,-,-,-,-,-,-,-,-,-,-,-,-,-,-,-,-,-
6/23/2013,Pish River,BELA,ARCN,66.124934,-164.009303,17,85,6.71,9.7,0.54,13,4.2,0.33,4,-,-,-,-,-,-,-,*0.000,0.043,-,*0.000,0.41,-,0.006,-,9.95,1.1,0.04,0.04,6.75,0.56,7.02,2.7,-,-,-,-16.7,-127.1,-,-,-,-,-,-,-,-,-,-,-,-,-,-,-,-,-,-,-,-,-,-,
9/11/2016,PRM 2,BELA,HEAT,66.06705,-164.17903,7.9,142.3,6.65,12.7,0.181,5.9,3.1,0.6,-,-,-,-,-,-,-,-,*0.002,0.002,-,*0.001,0.18,0.16,*0.001,0.005,4.51,2.35,-,-,3.44,0.41,12.3,2.97,5.39,35.64,8.93,-16.1,-116,-,-,-,-,-,-,-,-,-,-,-,-,-,-,-,-,-,-,-,-,-,-,-
7/21/2017,PRM 2,BELA,HEAT,66.06705,-164.17903,15.8,132.1,8.1,9.7,0.172,5.8,3,0.38,-,-,-,-,-,-,-,-,0.017,0.159,-,0.002,0.36,0.33,0.003,0.006,4.68,2.15,-,-,3.63,0.49,12.15,3.19,5.04,38.36,9.16,-,-,-,-,-,-,-,-,-,-,-,-,-,-,-,-,-,-,-,-,-,-,-,-,-
9/11/2016,PRT 2,BELA,HEAT,66.06763,-164.17894,6.9,87.1,6.39,10.9,0.873,23.3,3.7,0.96,-,-,-,-,-,-,-,-,*0.004,*0.000,-,*0.000,0.59,0.73,0.006,0.034,6.92,0.09,-,-,3.64,0.17,4.4,2.32,21.01,13.19,3.41,-15.1,-109,-,-,-,-,-,-,-,-,-,-,-,-,-,-,-,-,-,-,-,-,-,-,-
7/21/2017,PRT 2,BELA,HEAT,66.06763,-164.17894,15.1,86.8,7.5,8.8,0.916,23.6,3.9,0.22,-,-,-,-,-,-,-,-,*0.010,*0.000,-,0.002,0.68,0.69,0.005,0.023,6.14,0.04,-,-,4.03,0.15,5.74,3.14,20.38,21.45,4.89,-,-,-,-,-,-,-,-,-,-,-,-,-,-,-,-,-,-,-,-,-,-,-,-,-
7/15/2014,Rabbit Creek,CAKR,ARCN,67.46954,-163.77065,7.1,142.3,7.9,10.4,0.036,1.6,2.2,< 0.02,-,2.8,38%,-,-,-,2,21%,*0.002,0.096,-,*0.000,0.17,0.17,*0.000,*0.001,1.49,1.28,-,-,1.66,0.27,18.22,5.54,-,-,-,-,-,-,-,-,-,-,-,-,-,-,-,-,-,-,-,-,-,-,-,-,-,-,-,-
 8/15/2019,RCBP1 Inlet,CAKR,BITE,67.56715,-163.463238,7.5,154.5,-,10.2,0.187,5.9,3.2,-,,,,,,,,,*0.005,0.031,-,0.002,0.21,0.22,0.003,0.005,1.59,1.17,0.049,-,1.59,0.17,18.59,7.08,4.95,68.49,17.61,-,-,-,-,-,-,-,-,-,-,-,-,-,-,-,-,-,-,-,-,-,-,-,-,-
 8/14/2019,RCBP4 Outlet,CAKR,BITE,67.481848,-163.676064,5.7,185.5,7.26,6.8,0.025,1.6,1.5,-,,,,,,,,,*0.003,0.172,-,*0.001,0.23,0.25,*0.000,0.003,2.2,1.69,0.034,-,1.65,0.32,25.19,6,1.11,64.01,22.09,-,-,-,-,-,-,-,-,-,-,-,-,-,-,-,-,-,-,-,-,-,-,-,-,-
 8/14/2019,RCBP4 Pond 1,CAKR,BITE,67.482498,-163.674248,6.6,185.7,7.27,7.2,0.025,1.6,1.5,-,,,,,,,,,*0.002,0.176,-,*0.000,0.24,0.47,*0.000,0.042,2.24,1.71,0.035,-,1.66,0.33,24.62,6.02,1.12,59.73,22.07,-,-,-,-,-,-,-,-,-,-,-,-,-,-,-,-,-,-,-,-,-,-,-,-,-
 8/14/2019,RCBP4 Pond 2,CAKR,BITE,-,-,6.8,185,7.26,8.2,0.025,1.4,1.8,-,,,,,,,,,*0.003,0.167,-,*0.001,0.25,0.23,*0.001,0.003,2.24,1.72,0.036,-,1.67,0.33,26.05,6.01,1.1,66.25,22.02,-,-,-,-,-,-,-,-,-,-,-,-,-,-,-,-,-,-,-,-,-,-,-,-,-
 8/14/2019,RCBP4 Pond 2 Dup,CAKR,BITE,-,-,-,-,-,-,0.026,1.5,1.8,-,,,,,,,,,*0.002,0.159,-,*0.001,0.22,0.24,*0.000,*0.002,2.13,1.64,0.036,-,1.58,0.31,24.57,5.78,1.1,67.27,22.05,-,-,-,-,-,-,-,-,-,-,-,-,-,-,-,-,-,-,-,-,-,-,-,-,-
 8/15/2019,RCBP1 Outlet,CAKR,BITE,67.565934,-163.464107,7.2,151.2,-,10.8,0.196,6.2,3.1,-,,,,,,,,,*0.006,0.039,-,0.002,0.23,0.24,0.005,0.004,1.58,1.19,0.034,-,1.61,0.13,18.46,6.9,5.02,63.19,17.3,-,-,-,-,-,-,-,-,-,-,-,-,-,-,-,-,-,-,-,-,-,-,-,-,-
 8/15/2019,RCBP1 Pond,CAKR,BITE,-,-,7.3,153.8,7.14,10.6,0.192,6.1,3.1,-,,,,,,,,,*0.006,0.015,-,0.002,0.12,0.26,0.003,0.005,0.67,0.58,0.035,-,0.67,0.06,10.65,3.32,4.94,65.64,17.56,-,-,-,-,-,-,-,-,-,-,-,-,-,-,-,-,-,-,-,-,-,-,-,-,-
 8/15/2019,RCBP2 Outlet,CAKR,BITE,67.495155,-163.624125,10.4,212.1,6.25,2.6,0.025,1.4,1.8,-,,,,,,,,,*0.003,0.031,-,*0.001,0.08,0.09,*0.000,0.003,1.95,1.59,0.036,-,1.8,0.3,32.29,5.88,0.88,67.07,28.66,-,-,-,-,-,-,-,-,-,-,-,-,-,-,-,-,-,-,-,-,-,-,-,-,-
 8/15/2019,RCBP2 Pond 1,CAKR,BITE,67.49815,-163.607659,6.3,197.5,6.82,7.5,0.028,1.6,1.7,-,,,,,,,,,*0.004,0.156,-,*0.001,0.26,0.24,*0.002,0.003,1.83,2,0.031,-,1.69,0.25,31.15,5.05,1.05,64.01,24.73,-,-,-,-,-,-,-,-,-,-,-,-,-,-,-,-,-,-,-,-,-,-,-,-,-
 8/15/2019,RCBP2 Pond 2,CAKR,BITE,-,-,5.6,232.2,7.04,9,0.102,3.6,2.8,-,,,,,,,,,*0.005,0.197,-,*0.001,0.29,0.32,*0.001,*0.001,1.94,2.14,0.025,-,1.47,0.26,35.33,4.94,2.43,70.94,27.07,-,-,-,-,-,-,-,-,-,-,-,-,-,-,-,-,-,-,-,-,-,-,-,-,-
 8/15/2019,RCBP2 PW1,CAKR,BITE,67.49815,-163.607659,5.8,187.3,6.67,6.9,-,-,-,-,,,,,,,,,*0.006,0.207,-,0.002,0.28,-,0.003,-,1.74,2.02,0.03,-,1.69,0.25,26.92,4.95,-,-,-,-,-,-,-,-,-,-,-,-,-,-,-,-,-,-,-,-,-,-,-,-,-,-,-,-
 8/17/2019,WCBP1 Inlet,NOAT,BITE,68.312561,-162.691477,8.2,295,7.71,10.8,0.042,1.8,2.3,-,,,,,,,,,*0.008,0.032,-,0.003,0.14,0.21,0.004,0.008,0.64,20.79,0.048,-,3.16,0.2,48.04,5.77,1.45,88.27,26.17,-,-,-,-,-,-,-,-,-,-,-,-,-,-,-,-,-,-,-,-,-,-,-,-,-
 8/17/2019,WCBP1 Pond 1,NOAT,BITE,68.312308,-162.69325,6.7,350.1,7.55,8.2,0.021,0.9,2.5,-,,,,,,,,,*0.006,0.023,-,*0.001,0.06,0.08,*0.002,*0.002,0.7,27.44,0.034,-,5.46,0.37,59.48,8.61,0.61,78.48,29.84,-,-,-,-,-,-,-,-,-,-,-,-,-,-,-,-,-,-,-,-,-,-,-,-,-
 8/17/2019,WCBP1 Pond 2,NOAT,BITE,68.311163,-162.690993,7,313.8,7.6,11.4,0.039,1.7,2.3,-,,,,,,,,,*0.005,0.01,-,*0.001,0.08,0.14,0.003,0.009,0.9,21.17,0.059,-,2.49,0.26,55.61,9.1,1.24,89.49,29.17,-,-,-,-,-,-,-,-,-,-,-,-,-,-,-,-,-,-,-,-,-,-,-,-,-
 8/17/2019,WCBP1 Pond 3,NOAT,BITE,68.310793,-162.69213,9.8,311.1,7.58,9.1,0.038,1.7,2.2,-,,,,,,,,,*0.009,0.028,-,*0.001,0.13,0.33,0.004,0.047,0.78,21.57,0.044,-,3.9,0.31,54.54,8.2,1.25,82.8,28.98,-,-,-,-,-,-,-,-,-,-,-,-,-,-,-,-,-,-,-,-,-,-,-,-,-
 8/17/2019,WCBP1 PW1,NOAT,BITE,68.311163,-162.690993,8.4,420.6,-,-,0.049,2.4,2.1,-,,,,,,,,,0.096,*0.001,-,0.004,0.17,-,0.019,-,0.77,22.15,0.065,-,0.96,0.48,70.67,11.1,-,-,-,-,-,-,-,-,-,-,-,-,-,-,-,-,-,-,-,-,-,-,-,-,-,-,-,-
 8/17/2019,WCBP1 PW2,NOAT,BITE,68.310793,-162.69213,10.5,471.9,-,-,0.219,10.7,2.1,-,,,,,,,,,0.013,*0.001,-,0.007,0.12,-,0.04,-,0.58,4.61,0.03,-,2.07,0.11,69.66,5.95,-,-,-,-,-,-,-,-,-,-,-,-,-,-,-,-,-,-,-,-,-,-,-,-,-,-,-,-
 8/17/2019,Wrench Creek,NOAT,BITE,68.250117,-162.636652,8.6,423,8.02,11.5,0.019,0.9,2.1,-,,,,,,,,,*0.006,0.099,-,*0.000,0.13,0.21,*0.001,*0.002,0.73,44.3,0.059,-,6.58,0.4,74.62,14.63,0.61,71.94,28.23,-,-,-,-,-,-,-,-,-,-,-,-,-,-,-,-,-,-,-,-,-,-,-,-,-
9/8/2018,Rabbit Creek,CAKR,ARCN,67.481159,-163.675947,9.2,237.9,8.2,11.8,0.025,1.8,1.4,0.1,-,-,-,-,-,-,-,-,*0.004,0.06,-,0.003,0.14,0.12,*0.000,*0.002,2.35,1.88,-,-,2.15,0.29,24.01,7.75,1.2,78.61,22.23,-,-,-,-,-,-,-,-,-,-,-,-,-,-,-,-,-,-,-,-,-,-,-,-,-
 7/22/2019,Rabbit Creek,CAKR,ARCN,67.481159,-163.675947,11.3,137.7,7.79,11,0.044,2,2.2,*0.03,,,,,,,,,*0.008,0.051,-,*0.001,0.16,0.15,*0.002,0.005,2,1.99,0.045,-,1.95,0.27,23.58,7.37,1.53,70.61,20.65,-,-,-,-,-,-,-,-,-,-,-,-,-,-,-,-,-,-,-,-,-,-,-,-,-
 8/18/2019,Eli Creek 1,NOAT,BITE,67.811534,-161.861365,6.8,532,7.69,11.3,0.054,2.2,2.5,-,,,,,,,,,*0.005,0.124,-,*0.001,0.19,0.26,*0.002,*0.002,1.09,68.07,0.11,-,1.41,0.31,85.17,25.59,1.74,104.73,26.4,-,-,-,-,-,-,-,-,-,-,-,-,-,-,-,-,-,-,-,-,-,-,-,-,-
 8/18/2019,Eli Creek 2,NOAT,BITE,67.79657,-161.877669,7,510,7.79,11.3,0.048,2,2.4,-,,,,,,,,,0.011,0.055,-,*0.001,0.26,0.23,*0.002,*0.002,1.33,31.92,0.1,-,3.33,0.5,70.32,15.18,1.4,91.61,29.5,-,-,-,-,-,-,-,-,-,-,-,-,-,-,-,-,-,-,-,-,-,-,-,-,-
 8/18/2019,ERBP1 Pond 1,NOAT,BITE,67.806351,-161.860758,5.3,414,7.7,10.8,0.02,0.7,2.7,-,,,,,,,,,*0.006,0.055,-,0.002,0.08,0.18,*0.000,0.011,0.46,27.22,0.098,-,0.55,0.15,60.97,10.5,0.27,63.33,36.54,-,-,-,-,-,-,-,-,-,-,-,-,-,-,-,-,-,-,-,-,-,-,-,-,-
 8/18/2019,ERBP1 Pond 2,NOAT,BITE,67.805772,-161.860888,6,417,7.6,10.9,0.027,0.9,3.2,-,,,,,,,,,*0.005,0.083,-,*0.001,0.1,0.18,*0.000,0.005,0.78,31.77,0.11,-,0.95,0.24,68.3,16.82,0.51,100.83,37.16,-,-,-,-,-,-,-,-,-,-,-,-,-,-,-,-,-,-,-,-,-,-,-,-,-
 8/18/2019,ERBP1 Pond 3,NOAT,BITE,67.380524,-161.861373,5,413,7.7,11.5,0.028,1.1,2.5,-,,,,,,,,,*0.007,0.067,-,0.002,0.12,0.11,*0.000,0.004,0.85,31.99,0.11,-,1,0.26,69.86,17.69,0.59,103.91,37.07,-,-,-,-,-,-,-,-,-,-,-,-,-,-,-,-,-,-,-,-,-,-,-,-,-
 8/18/2019,ERBP1 PW1,NOAT,BITE,67.380524,-161.861373,7.6,643,-,-,0.057,3.6,1.6,-,,,,,,,,,0.02,0.006,-,*0.001,0.2,-,*0.001,-,0.84,17.25,0.1,-,0.95,0.16,54.24,16.65,-,-,-,-,-,-,-,-,-,-,-,-,-,-,-,-,-,-,-,-,-,-,-,-,-,-,-,-
8/21/2013,Salmon River,KOVA,ARCN,67.154437,-159.459563,7.8,302,7.41,10.8,0.018,1.2,1.5,-,-,-,-,-,-,-,-,-,*0.009,0.134,-,*0.000,0.22,-,*0.000,-,0.31,27.7,0.05,*0.00,0.79,0.19,31.96,12.78,-,-,-,-18.3,-138.9,37.9,4.4,-,-,41.3,377,1.4,5.7,0.4,3.9,-,139.9,-,-,-,-,23,-,377,0.12,46,331,
7/22/2017,Salmon River,KOVA,ARCN,67.154437,-159.459563,11,393.1,8.1,10.7,0.021,1.3,1.7,0.09,-,-,-,-,-,-,-,-,0.033,0.131,-,*0.001,0.2,0.17,*0.001,*0.002,0.49,23.23,-,-,0.9,0.25,32.32,10.95,0.7,67.02,16.71,-,-,-,-,-,-,-,-,-,-,-,-,-,-,-,-,-,-,-,-,-,-,-,-,-
 7/23/2019,Salmon River,KOVA,ARCN,67.164813,-159.476333,12.3,323.6,7.46,10.3,0.017,0.9,1.8,*0.03,,,,,,,,,0.026,0.195,-,*0.001,0.28,0.27,*0.001,0.006,0.48,44.75,-,-,1,0.27,48.08,20.14,0.69,66.58,17.21,-,-,-,-,-,-,-,-,-,-,-,-,-,-,-,-,-,-,-,-,-,-,-,-,-
6/23/2013,Serpentine River,BELA,ARCN,66.085879,-165.216697,14.4,177,7.41,10.1,0.246,6.8,3.6,0.31,3.3,4.1,51%,6%,3.3,18%,3,19%,*0.003,0.008,-,*0.000,0.22,-,0.004,-,18.1,2.71,0.11,0.06,10.65,0.82,15.55,4.37,-,-,-,-16.6,-124.8,-,-,-,-,-,-,-,-,-,-,-,-,-,-,-,-,-,-,-,-,-,-,
6/28/2013,Sisiak River,NOAT,ARCN,67.91108,-160.59192,7.8,86,6.94,9.6,0.152,5.9,2.6,-,-,-,-,-,-,-,-,-,*0.003,0.048,-,*0.000,0.21,-,*0.002,-,0.2,1.92,0.03,*0.00,1.1,0.24,9.16,4.54,-,-,-,-19.3,-145.7,-,-,-,-,-,-,-,-,-,-,-,-,-,-,-,-,-,-,-,-,-,-,
7/16/2014,Situkuyok River,CAKR,ARCN,67.11598,-163.30933,9.4,433,8.04,9.5,0.092,3.4,2.8,0.03,-,3.4,45%,10%,1.2,22%,2.6,21%,*0.003,0.062,-,*0.000,0.19,0.17,*0.000,*0.002,44.11,2.92,-,-,21.18,0.88,49.66,12.35,-,-,-,-,-,-,-,-,-,-,-,-,-,-,-,-,-,-,-,-,-,-,-,-,-,-,-,-
9/8/2018,Situkuyok River,CAKR,ARCN,67.11598,-163.30933,8.7,753.1,8.2,-,0.04,2.4,1.7,0.08,-,-,-,-,-,-,-,-,0.014,0.05,-,0.002,0.16,0.13,*0.000,*0.000,60.5,4.52,-,-,29.61,1.07,61.09,14.77,1.46,155.12,45.87,-,-,-,-,-,-,-,-,-,-,-,-,-,-,-,-,-,-,-,-,-,-,-,-,-
 7/22/2019,Situkuyok River,CAKR,ARCN,67.11598,-163.30933,12,404,7.96,9.8,0.034,1.6,2.1,*0.03,,,,,,,,,0.016,0.06,-,*0.001,0.17,0.15,*0.002,0.004,49.1,3.91,0.027,-,24.8,0.95,61.75,13.95,0.99,122.67,44.27,-,-,-,-,-,-,-,-,-,-,-,-,-,-,-,-,-,-,-,-,-,-,-,-,-
8/5/2014,Tinayguk River,GAAR,ARCN,67.58109,-151.0639,12.1,397,6.91,10,0.028,1.4,2,-,-,-,-,-,-,-,-,-,*0.001,0.028,-,*0.000,0.09,0.13,*0.000,*0.002,0.15,40.08,-,-,2.01,0.43,58.45,18.93,-,-,-,-,-,-,-,-,-,-,-,-,-,-,-,-,-,-,-,-,-,-,-,-,-,-,-,-
7/23/2017,Tinayguk River,GAAR,ARCN,67.58109,-151.0639,9,691.3,8.2,11.3,0.036,1.8,2,*0.06,-,-,-,-,-,-,-,-,0.029,0.053,-,0.002,0.13,0.12,*0.000,0.003,0.24,50.92,-,-,2.09,0.41,60.99,21.47,1.29,88.63,21.6,-,-,-,-,-,-,-,-,-,-,-,-,-,-,-,-,-,-,-,-,-,-,-,-,-
 7/24/2019,Tinayguk River,GAAR,ARCN,67.575843,-151.062282,14,440.7,8.13,9.9,0.017,1.1,1.5,*0.04,,,,,,,,,0.013,0.043,-,*0.000,0.12,0.09,*0.001,0.007,0.21,63.1,-,-,2.45,0.55,35.65,26.29,0.59,83.53,23.63,-,-,-,-,-,-,-,-,-,-,-,-,-,-,-,-,-,-,-,-,-,-,-,-,-
8/21/2013,Tutuksuk River,KOVA,ARCN,67.190375,-159.344824,6.9,178,7.63,9.6,0.021,1,2.1,-,-,-,-,-,-,-,-,-,*0.000,0.225,-,*0.000,0.3,-,*0.001,-,0.24,9.19,0.02,*0.00,0.72,0.25,23.73,5.73,-,-,-,-18,-137.7,3.1,3.5,-,-,41.1,310.8,0.3,0.3,0.1,-,-,89.1,-,-,-,-,12.2,-,310.8,0.13,42,269.1,
7/15/2014,Umagatsiak Creek,CAKR,ARCN,67.54105,-163.99144,9,146.4,7.75,10.4,0.081,3.2,2.5,< 0.02,-,-,-,-,-,-,-,-,*0.003,0.037,-,*0.001,0.12,0.12,*0.001,*0.002,1.45,2.64,-,-,1.32,0.27,21.28,2.37,-,-,-,-,-,-,-,-,-,-,-,-,-,-,-,-,-,-,-,-,-,-,-,-,-,-,-,-
6/27/2013,Uvgoon Creek,NOAT,ARCN,67.80735,-162.34694,9.9,191,7.84,10.9,0.052,2.4,2.1,-,-,-,-,-,-,-,-,-,*0.000,0.038,-,*0.000,0.13,-,0.003,-,0.72,3.54,*0.01,*0.00,1.39,0.57,31.2,6.22,-,-,-,-16.6,-129.7,-,-,-,-,-,-,-,-,-,-,-,-,-,-,-,-,-,-,-,-,-,-,
 8/23/2019,SRBP1,CAKR,BITE,67.154666,-163.17819,11.8,361.2,7.84,9.7,-,-,-,-,,,,,,,,,*0.005,0.01,-,0.002,0.17,0.2,0.005,0.004,6.99,5.42,-,-,3.12,0.26,64.76,12.44,2.59,122.41,47.14,-,-,-,-,-,-,-,-,-,-,-,-,-,-,-,-,-,-,-,-,-,-,-,-,-
